point,kappa,sigma,method,null_estimate,null_lower,null_upper,power_estimate,power_lower,power_upper,calibration_excluded,power_excluded
high_sigma,0.9650838195940191,1.0371991060439543,raw,0.04473876953125,0.03879447683797181,0.05125052779758489,0.057861328125,0.05110767897770418,0.06516566905113569,False,True
high_sigma,0.9650838195940191,1.0371991060439543,pooled,0.0499267578125,0.04364788467590895,0.05676644216180643,0.3201904296875,0.3062923935493064,0.33431175256467044,False,False
high_sigma,0.9650838195940191,1.0371991060439543,pooled_ridge_0.01,0.048828125,0.04261837287899371,0.05560009462571873,0.27703857421875,0.2637369087489203,0.29061714812027445,False,False
high_sigma,0.9650838195940191,1.0371991060439543,pooled_ridge_0.03,0.04815673828125,0.04198966926004203,0.05488688492251561,0.20684814453125,0.19486288649139888,0.21919760568641772,False,False
high_sigma,0.9650838195940191,1.0371991060439543,pooled_ridge_0.1,0.04742431640625,0.04130420305909273,0.054108446325730815,0.111328125,0.10211335943616252,0.12102624832401912,False,False
low_sigma,0.9896030998556083,0.9571991060439543,raw,0.01068115234375,0.00786961823718856,0.014106487909629357,0.0152587890625,0.011852404747004828,0.019272034286015722,False,True
low_sigma,0.9896030998556083,0.9571991060439543,pooled,0.0096435546875,0.00698430400826787,0.012918290367836961,0.18701171875,0.1754918496325353,0.19892048790067338,False,False
low_sigma,0.9896030998556083,0.9571991060439543,pooled_ridge_0.01,0.0101318359375,0.007399929278458151,0.013478428280411016,0.1455078125,0.13513131811976306,0.15632494586894072,False,False
low_sigma,0.9896030998556083,0.9571991060439543,pooled_ridge_0.03,0.0096435546875,0.00698430400826787,0.012918290367836961,0.09088134765625,0.08249096891116248,0.09978072500707007,False,True
low_sigma,0.9896030998556083,0.9571991060439543,pooled_ridge_0.1,0.00970458984375,0.0070361558958651335,0.012988408137641542,0.03460693359375,0.029386115091751888,0.040408343571666484,False,True
