offset,kappa,sigma,x_rank,y_rank,accepted,first_x_rank,first_y_rank,first_accepted
-0.08,1.0018627399864029,0.9171991060439544,2048,2036,False,2048,1971,False
-0.06,0.9957329199210057,0.9371991060439544,2048,2028,False,2043,1842,True
-0.04,0.9896030998556083,0.9571991060439543,2041,2024,True,1981,1626,True
-0.02,0.983473279790211,0.9771991060439543,1645,2019,True,1689,1322,True
0.0,0.9773434597248137,0.9971991060439543,536,2017,True,1019,1027,True
0.02,0.9712136396594164,1.0171991060439542,44,2020,True,408,721,True
0.04,0.9650838195940191,1.0371991060439543,2,2024,True,93,499,True
0.06,0.9589539995286218,1.0571991060439543,1,2027,False,11,317,True
0.08,0.9528241794632245,1.0771991060439543,1,2033,False,2,197,True
