training_paths,ridge,lower,upper,empirical_gap,dkw_addition,bound,lower_rejection,upper_rejection
64,0,-0.2143064521932686,-0.14380707689182787,0.09163665771484375,0.00992795644908666,0.10156461416393041,0.06525571798812266,0.12498124886591976
64,0,-0.14380707689182787,-0.0733077015903871,0.04741668701171875,0.00992795644908666,0.05734464346080541,0.04657700711906896,0.08805686205797988
64,0,-0.0733077015903871,-0.002808326288946339,0.037944793701171875,0.00992795644908666,0.04787275015025853,0.03887252441165042,0.06862030278086781
64,0,-0.002808326288946339,0.0676910490124944,0.06842041015625,0.00992795644908666,0.07834836660533666,0.03761428738139265,0.06878869727257347
64,0,0.0676910490124944,0.13819042431393513,0.17107772827148438,0.00992795644908666,0.18100568472057105,0.04384383172203555,0.09472715855792871
64,0,0.13819042431393513,0.20868979961537593,0.29817962646484375,0.00992795644908666,0.3081075829139304,0.06676256785008451,0.15996858395754926
64,0,0.20868979961537593,0.27918917491681666,0.4325828552246094,0.00992795644908666,0.44251081167369605,0.1227731746748956,0.2775130006505018
64,0,0.27918917491681666,0.3496885502182574,0.5588111877441406,0.00992795644908666,0.5687391441932272,0.22886904555538495,0.43832296169204554
64,0.001,-0.2143064521932686,-0.14380707689182787,0.08836746215820312,0.00992795644908666,0.09829541860728978,0.0637598472800259,0.12233763771581055
64,0.001,-0.14380707689182787,-0.0733077015903871,0.04727935791015625,0.00992795644908666,0.05720731435924291,0.04597753225445924,0.08647307907889278
64,0.001,-0.0733077015903871,-0.002808326288946339,0.037815093994140625,0.00992795644908666,0.04774305044322728,0.038794716501191255,0.06804712534772389
64,0.001,-0.002808326288946339,0.0676910490124944,0.06790924072265625,0.00992795644908666,0.07783719717174291,0.03779285317593883,0.06878204126482149
64,0.001,0.0676910490124944,0.13819042431393513,0.16976547241210938,0.00992795644908666,0.17969342886119605,0.044146591861252006,0.09463543532095267
64,0.001,0.13819042431393513,0.20868979961537593,0.2961158752441406,0.00992795644908666,0.3060438316932273,0.06683889851265526,0.1593515768333586
64,0.001,0.20868979961537593,0.27918917491681666,0.43042755126953125,0.00992795644908666,0.4403555077186179,0.12242621555010494,0.2767318846255981
64,0.001,0.27918917491681666,0.3496885502182574,0.5569114685058594,0.00992795644908666,0.566839424954946,0.2285104219328676,0.4380350077110372
64,0.003,-0.2143064521932686,-0.14380707689182787,0.08279800415039062,0.00992795644908666,0.09272596059947728,0.061482727941877875,0.11778385364249372
64,0.003,-0.14380707689182787,-0.0733077015903871,0.0472564697265625,0.00992795644908666,0.05718442617564916,0.04510790229048893,0.0839493198767974
64,0.003,-0.0733077015903871,-0.002808326288946339,0.037319183349609375,0.00992795644908666,0.04724713979869603,0.03865193642661059,0.06720893261277415
64,0.003,-0.002808326288946339,0.0676910490124944,0.06661605834960938,0.00992795644908666,0.07654401479869603,0.03809394141359892,0.06891703487176634
64,0.003,0.0676910490124944,0.13819042431393513,0.16715621948242188,0.00992795644908666,0.17708417593150855,0.04475152831906318,0.09466764336693004
64,0.003,0.13819042431393513,0.20868979961537593,0.2920265197753906,0.00992795644908666,0.3019544762244773,0.06723759614724276,0.15813562008542775
64,0.003,0.20868979961537593,0.27918917491681666,0.4256324768066406,0.00992795644908666,0.4355604332557273,0.12183453789733764,0.274345577946241
64,0.003,0.27918917491681666,0.3496885502182574,0.5525398254394531,0.00992795644908666,0.5624677818885397,0.22698116027796653,0.4356623363040594
64,0.01,-0.2143064521932686,-0.14380707689182787,0.06722259521484375,0.00992795644908666,0.07715055166393041,0.05662525469347184,0.10698186694386216
64,0.01,-0.14380707689182787,-0.0733077015903871,0.04679107666015625,0.00992795644908666,0.05671903310924291,0.043259683251603794,0.07850691922272607
64,0.01,-0.0733077015903871,-0.002808326288946339,0.0363006591796875,0.00992795644908666,0.04622861562877416,0.03828458064971995,0.06551216933638385
64,0.01,-0.002808326288946339,0.0676910490124944,0.06335830688476562,0.00992795644908666,0.07328626333385228,0.03865772030879328,0.06938963050202422
64,0.01,0.0676910490124944,0.13819042431393513,0.158477783203125,0.00992795644908666,0.16840573965221167,0.04608241720588264,0.09495795475123808
64,0.01,0.13819042431393513,0.20868979961537593,0.2777061462402344,0.00992795644908666,0.28763410268932105,0.06829075319608252,0.1538941992285118
64,0.01,0.20868979961537593,0.27918917491681666,0.4087066650390625,0.00992795644908666,0.4186346214881492,0.11931682206805555,0.26248027502553384
64,0.01,0.27918917491681666,0.3496885502182574,0.5350914001464844,0.00992795644908666,0.545019356595571,0.21736649852154863,0.41807654651565906
64,0.03,-0.2143064521932686,-0.14380707689182787,0.04357147216796875,0.00992795644908666,0.05349942861705541,0.04975814517295754,0.09066661274220664
64,0.03,-0.14380707689182787,-0.0733077015903871,0.043956756591796875,0.00992795644908666,0.05388471304088353,0.04081021075088762,0.07076107129891049
64,0.03,-0.0733077015903871,-0.002808326288946339,0.033069610595703125,0.00992795644908666,0.04299756704478978,0.03787307802954961,0.06320588257184356
64,0.03,-0.002808326288946339,0.0676910490124944,0.05499267578125,0.00992795644908666,0.06492063223033666,0.03924394398161629,0.06927582863305784
64,0.03,0.0676910490124944,0.13819042431393513,0.13761138916015625,0.00992795644908666,0.14753934560924292,0.04696627049180715,0.09173579758969952
64,0.03,0.13819042431393513,0.20868979961537593,0.24327850341796875,0.00992795644908666,0.2532064598670554,0.06650341476995625,0.1382790724055394
64,0.03,0.20868979961537593,0.27918917491681666,0.36043548583984375,0.00992795644908666,0.3703634422889304,0.10709595324247478,0.22237975970747365
64,0.03,0.27918917491681666,0.3496885502182574,0.481201171875,0.00992795644908666,0.4911291283240867,0.18230371757313266,0.3509288197456938
64,0.1,-0.2143064521932686,-0.14380707689182787,0.03363037109375,0.00992795644908666,0.04355832754283666,0.043302328594686086,0.07284890845987042
64,0.1,-0.14380707689182787,-0.0733077015903871,0.03302001953125,0.00992795644908666,0.04294797598033666,0.03922750926775511,0.06364622622948336
64,0.1,-0.0733077015903871,-0.002808326288946339,0.02413177490234375,0.00992795644908666,0.03405973135143041,0.038208084661503015,0.06118706740456581
64,0.1,-0.002808326288946339,0.0676910490124944,0.0378875732421875,0.00992795644908666,0.04781552969127416,0.039707777199625996,0.06617346012165905
64,0.1,0.0676910490124944,0.13819042431393513,0.09279632568359375,0.00992795644908666,0.10272428213268041,0.044960167085975215,0.07912494216633069
64,0.1,0.13819042431393513,0.20868979961537593,0.1632537841796875,0.00992795644908666,0.17318174062877417,0.05612534466567732,0.10233265392194718
64,0.1,0.20868979961537593,0.27918917491681666,0.245849609375,0.00992795644908666,0.2557775658240867,0.07617428238987539,0.14108491584787855
64,0.1,0.27918917491681666,0.3496885502182574,0.3373603820800781,0.00992795644908666,0.3472883385291648,0.1098205523748643,0.20186393317290052
64,0.3,-0.2143064521932686,-0.14380707689182787,0.01912689208984375,0.00992795644908666,0.02905484853893041,0.04088347879438157,0.06445512492342546
64,0.3,-0.14380707689182787,-0.0733077015903871,0.01821136474609375,0.00992795644908666,0.02813932119518041,0.0393486613079967,0.06095664064195387
64,0.3,-0.0733077015903871,-0.002808326288946339,0.0128936767578125,0.00992795644908666,0.02282163320689916,0.03907637921815885,0.060349843521287395
64,0.3,-0.002808326288946339,0.0676910490124944,0.01912689208984375,0.00992795644908666,0.02905484853893041,0.039933926182744585,0.06283869567451963
64,0.3,0.0676910490124944,0.13819042431393513,0.046337127685546875,0.00992795644908666,0.05626508413463353,0.04239163862010782,0.06826108251374678
64,0.3,0.13819042431393513,0.20868979961537593,0.08112716674804688,0.00992795644908666,0.09105512319713353,0.04699876689686345,0.07686570593944027
64,0.3,0.20868979961537593,0.27918917491681666,0.12294387817382812,0.00992795644908666,0.1328718346229148,0.05432599001910065,0.08942159717622411
64,0.3,0.27918917491681666,0.3496885502182574,0.17183685302734375,0.00992795644908666,0.18176480947643042,0.06511468003010502,0.1072672783673767
64,1,-0.2143064521932686,-0.14380707689182787,0.007480621337890625,0.00992795644908666,0.017408577786977283,0.0402442116427556,0.0612402320836413
64,1,-0.14380707689182787,-0.0733077015903871,0.007022857666015625,0.00992795644908666,0.016950814115102283,0.03976704805422763,0.06017157413403005
64,1,-0.0733077015903871,-0.002808326288946339,0.004848480224609375,0.00992795644908666,0.014776436673696035,0.03970508028039707,0.0600491416591917
64,1,-0.002808326288946339,0.0676910490124944,0.006923675537109375,0.00992795644908666,0.016851631986196033,0.040026625745801965,0.06092066708059697
64,1,0.0676910490124944,0.13819042431393513,0.01654815673828125,0.00992795644908666,0.02647611318736791,0.040870770355100054,0.06265710173166981
64,1,0.13819042431393513,0.20868979961537593,0.028759002685546875,0.00992795644908666,0.03868695913463353,0.042342252110227935,0.06523263059235043
64,1,0.20868979961537593,0.27918917491681666,0.043975830078125,0.00992795644908666,0.05390378652721166,0.044516754528066145,0.06871500632539149
64,1,0.27918917491681666,0.3496885502182574,0.06171417236328125,0.00992795644908666,0.07164212881236791,0.047473397042587885,0.07320687616492881
64,3,-0.2143064521932686,-0.14380707689182787,0.002849578857421875,0.00992795644908666,0.012777535306508535,0.0401191946226438,0.060358796219007284
64,3,-0.14380707689182787,-0.0733077015903871,0.00263214111328125,0.00992795644908666,0.01256009756236791,0.039959102173270235,0.06000068526558042
64,3,-0.0733077015903871,-0.002808326288946339,0.0018157958984375,0.00992795644908666,0.01174375234752416,0.03994123223611951,0.05996733730289383
64,3,-0.002808326288946339,0.0676910490124944,0.002567291259765625,0.00992795644908666,0.012495247708852285,0.04005543151485335,0.06027247342783231
64,3,0.0676910490124944,0.13819042431393513,0.005886077880859375,0.00992795644908666,0.015814034329946033,0.040350111418630506,0.06086074192189395
64,3,0.13819042431393513,0.20868979961537593,0.010250091552734375,0.00992795644908666,0.020178048001821033,0.040848589819489044,0.061711968562785165
64,3,0.20868979961537593,0.27918917491681666,0.0155487060546875,0.00992795644908666,0.02547666250377416,0.04156571694163995,0.06283157798028914
64,3,0.27918917491681666,0.3496885502182574,0.02182769775390625,0.00992795644908666,0.03175565420299291,0.04251242994844058,0.06422825988217369
64,10,-0.2143064521932686,-0.14380707689182787,0.0009307861328125,0.00992795644908666,0.01085874258189916,0.04008511221820703,0.06005694016201168
64,10,-0.14380707689182787,-0.0733077015903871,0.00089263916015625,0.00992795644908666,0.01082059560924291,0.04003646780911183,0.059948770238033335
64,10,-0.0733077015903871,-0.002808326288946339,0.000652313232421875,0.00992795644908666,0.010580269681508535,0.04003108796083509,0.059939150353603234
64,10,-0.002808326288946339,0.0676910490124944,0.000888824462890625,0.00992795644908666,0.010816780911977285,0.04006585780291832,0.06003374603163863
64,10,0.0676910490124944,0.13819042431393513,0.001972198486328125,0.00992795644908666,0.011900154935414785,0.040157863912377904,0.06021119444986394
64,10,0.13819042431393513,0.20868979961537593,0.003299713134765625,0.00992795644908666,0.013227669583852285,0.04030841386502624,0.060465360436859864
64,10,0.20868979961537593,0.27918917491681666,0.00495147705078125,0.00992795644908666,0.01487943349986791,0.040522392599711986,0.06079615639655475
64,10,0.27918917491681666,0.3496885502182574,0.0069732666015625,0.00992795644908666,0.01690122305064916,0.04080171166325429,0.0612035309783862
1024,0,-0.06297355401419957,-0.046216140816132845,0.0328216552734375,0.00992795644908666,0.04274961172252416,0.04280011910625356,0.06547808060952715
1024,0,-0.046216140816132845,-0.029458727618066116,0.02674102783203125,0.00992795644908666,0.03666898428111791,0.04114899580823939,0.0632279600382019
1024,0,-0.029458727618066116,-0.012701314419999388,0.019153594970703125,0.00992795644908666,0.029081551419789783,0.04001148395406252,0.061760120040699217
1024,0,-0.012701314419999388,0.004056098778067341,0.009521484375,0.00992795644908666,0.01944944082408666,0.039370278575569274,0.06108259303855243
1024,0,0.004056098778067341,0.02081351197613407,0.01744842529296875,0.00992795644908666,0.02737638174205541,0.03923491450330575,0.061217684858856494
1024,0,0.02081351197613407,0.0375709251742008,0.0333099365234375,0.00992795644908666,0.04323789297252416,0.039632885455896084,0.062251786181793126
1024,0,0.0375709251742008,0.054328338372267526,0.051280975341796875,0.00992795644908666,0.06120893179088353,0.04063038062052011,0.06426710241911382
1024,0,0.054328338372267526,0.07108575157033425,0.07153701782226562,0.00992795644908666,0.08146497427135228,0.04233729185492572,0.0673557347121567
1024,0.001,-0.06297355401419957,-0.046216140816132845,0.032642364501953125,0.00992795644908666,0.04257032095103978,0.042441867866571344,0.0649701744180348
1024,0.001,-0.046216140816132845,-0.029458727618066116,0.026691436767578125,0.00992795644908666,0.03661939321666478,0.04092795812750394,0.06288373982059553
1024,0.001,-0.029458727618066116,-0.012701314419999388,0.018985748291015625,0.00992795644908666,0.028913704740102283,0.039914052653175956,0.06155481748681587
1024,0.001,-0.012701314419999388,0.004056098778067341,0.0094451904296875,0.00992795644908666,0.01937314687877416,0.039371365191833416,0.06101155982121604
1024,0.001,0.004056098778067341,0.02081351197613407,0.017253875732421875,0.00992795644908666,0.027181832181508533,0.039313621656373546,0.06126248190659355
1024,0.001,0.02081351197613407,0.0375709251742008,0.03296661376953125,0.00992795644908666,0.04289457021861791,0.039770256556884306,0.06237636594345881
1024,0.001,0.0375709251742008,0.054328338372267526,0.050922393798828125,0.00992795644908666,0.06085035024791478,0.04081424164852366,0.06442971652264617
1024,0.001,0.054328338372267526,0.07108575157033425,0.0710906982421875,0.00992795644908666,0.08101865469127416,0.04255240351319114,0.06752376463395528
1024,0.003,-0.06297355401419957,-0.046216140816132845,0.03253936767578125,0.00992795644908666,0.04246732412486791,0.04195834348642808,0.06420080976673977
1024,0.003,-0.046216140816132845,-0.029458727618066116,0.026508331298828125,0.00992795644908666,0.03643628774791478,0.04062495362574493,0.062384855036462496
1024,0.003,-0.029458727618066116,-0.012701314419999388,0.018856048583984375,0.00992795644908666,0.028784005033071033,0.03976468819936287,0.06129151936182559
1024,0.003,-0.012701314419999388,0.004056098778067341,0.009258270263671875,0.00992795644908666,0.019186226712758533,0.03936271132833883,0.06093701445362575
1024,0.003,0.004056098778067341,0.02081351197613407,0.017116546630859375,0.00992795644908666,0.027044503079946033,0.03943592528526436,0.06135030492207236
1024,0.003,0.02081351197613407,0.0375709251742008,0.032566070556640625,0.00992795644908666,0.04249402700572728,0.04001975472125417,0.0625931908073949
1024,0.003,0.0375709251742008,0.054328338372267526,0.050052642822265625,0.00992795644908666,0.05998059927135228,0.04118135201361877,0.06474695938427609
1024,0.003,0.054328338372267526,0.07108575157033425,0.07001495361328125,0.00992795644908666,0.07994291006236791,0.04301448801907629,0.06791139933498479
1024,0.01,-0.06297355401419957,-0.046216140816132845,0.031871795654296875,0.00992795644908666,0.04179975210338353,0.04086868806271197,0.06258163121045805
1024,0.01,-0.046216140816132845,-0.029458727618066116,0.025844573974609375,0.00992795644908666,0.03577253042369603,0.03991687290282247,0.061313518638507765
1024,0.01,-0.029458727618066116,-0.012701314419999388,0.018169403076171875,0.00992795644908666,0.028097359525258533,0.03940460212698515,0.06070408158178227
1024,0.01,-0.012701314419999388,0.004056098778067341,0.00885009765625,0.00992795644908666,0.01877805410533666,0.039327887736456874,0.06078550820778498
1024,0.01,0.004056098778067341,0.02081351197613407,0.0164947509765625,0.00992795644908666,0.02642270742564916,0.039707335852686675,0.06159346088154215
1024,0.01,0.02081351197613407,0.0375709251742008,0.031169891357421875,0.00992795644908666,0.04109784780650853,0.04057725295465819,0.06317890553648128
1024,0.01,0.0375709251742008,0.054328338372267526,0.0478973388671875,0.00992795644908666,0.05782529531627416,0.042004225007137186,0.06560128553117275
1024,0.01,0.054328338372267526,0.07108575157033425,0.06674575805664062,0.00992795644908666,0.07667371450572728,0.04406827113575123,0.06895712619917585
1024,0.03,-0.06297355401419957,-0.046216140816132845,0.029071807861328125,0.00992795644908666,0.03899976431041478,0.039509777954458786,0.060417660207571756
1024,0.03,-0.046216140816132845,-0.029458727618066116,0.023464202880859375,0.00992795644908666,0.03339215932994603,0.03907615057434377,0.05991733865334848
1024,0.03,-0.029458727618066116,-0.012701314419999388,0.01645660400390625,0.00992795644908666,0.02638456045299291,0.03900300527852974,0.059962670619479845
1024,0.03,-0.012701314419999388,0.004056098778067341,0.007923126220703125,0.00992795644908666,0.017851082669789783,0.03930167707848391,0.06057564608486874
1024,0.03,0.004056098778067341,0.02081351197613407,0.0145111083984375,0.00992795644908666,0.02443906484752416,0.040001444534552004,0.06178016808801145
1024,0.03,0.02081351197613407,0.0375709251742008,0.02750396728515625,0.00992795644908666,0.03743192373424291,0.04113076986693209,0.06361447905925831
1024,0.03,0.0375709251742008,0.054328338372267526,0.0417938232421875,0.00992795644908666,0.05172177969127416,0.04273885673025009,0.06612384952221653
1024,0.03,0.054328338372267526,0.07108575157033425,0.05792999267578125,0.00992795644908666,0.06785794912486791,0.04488301555991726,0.06936684134010926
1024,0.1,-0.06297355401419957,-0.046216140816132845,0.0213470458984375,0.00992795644908666,0.03127500234752416,0.03893621756002159,0.05922719901086066
1024,0.1,-0.046216140816132845,-0.029458727618066116,0.017059326171875,0.00992795644908666,0.02698728262096166,0.038914445654413175,0.059266367414334456
1024,0.1,-0.029458727618066116,-0.012701314419999388,0.011928558349609375,0.00992795644908666,0.021856514798696033,0.03910275289020076,0.05961636304829445
1024,0.1,-0.012701314419999388,0.004056098778067341,0.0056915283203125,0.00992795644908666,0.01561948476939916,0.039507279180965645,0.060290057680387525
1024,0.1,0.004056098778067341,0.02081351197613407,0.010223388671875,0.00992795644908666,0.02015134512096166,0.04014584901303458,0.06129040915559429
1024,0.1,0.02081351197613407,0.0375709251742008,0.01914215087890625,0.00992795644908666,0.02907010732799291,0.04102857994580639,0.06263275788778765
1024,0.1,0.0375709251742008,0.054328338372267526,0.029144287109375,0.00992795644908666,0.03907224355846166,0.04217474994274952,0.06433448994811748
1024,0.1,0.054328338372267526,0.07108575157033425,0.040069580078125,0.00992795644908666,0.04999753652721166,0.04360958613356834,0.06641373377348275
1024,0.3,-0.06297355401419957,-0.046216140816132845,0.01140594482421875,0.00992795644908666,0.02133390127330541,0.03935632251605317,0.059371634217726794
1024,0.3,-0.046216140816132845,-0.029458727618066116,0.00907135009765625,0.00992795644908666,0.01899930654674291,0.03940748857303806,0.05947454720557882
1024,0.3,-0.029458727618066116,-0.012701314419999388,0.006343841552734375,0.00992795644908666,0.016271798001821033,0.03955199367905986,0.05971256328719351
1024,0.3,-0.012701314419999388,0.004056098778067341,0.002960205078125,0.00992795644908666,0.01288816152721166,0.03979003726834267,0.06009068478092642
1024,0.3,0.004056098778067341,0.02081351197613407,0.0052947998046875,0.00992795644908666,0.01522275625377416,0.0401317919497007,0.06060084263687835
1024,0.3,0.02081351197613407,0.0375709251742008,0.00992584228515625,0.00992795644908666,0.01985379873424291,0.04057318664209581,0.06124915038282334
1024,0.3,0.0375709251742008,0.054328338372267526,0.014812469482421875,0.00992795644908666,0.024740425931508533,0.04112116447141627,0.062038175559901446
1024,0.3,0.054328338372267526,0.07108575157033425,0.020206451416015625,0.00992795644908666,0.030134407865102283,0.04178272663609084,0.06297166509435907
1024,1,-0.06297355401419957,-0.046216140816132845,0.004306793212890625,0.00992795644908666,0.014234749661977285,0.039794720642654706,0.0597018512234693
1024,1,-0.046216140816132845,-0.029458727618066116,0.003475189208984375,0.00992795644908666,0.013403145658071035,0.03982256728688788,0.05975053051491815
1024,1,-0.029458727618066116,-0.012701314419999388,0.002384185791015625,0.00992795644908666,0.012312142240102285,0.03988116933524569,0.05984390636764895
1024,1,-0.012701314419999388,0.004056098778067341,0.001163482666015625,0.00992795644908666,0.011091439115102285,0.03997079572389386,0.05998425442215033
1024,1,0.004056098778067341,0.02081351197613407,0.0019989013671875,0.00992795644908666,0.01192685781627416,0.040096514113761146,0.060164595777933615
1024,1,0.02081351197613407,0.0375709251742008,0.003662109375,0.00992795644908666,0.01359006582408666,0.04025271133823088,0.0603890324024249
1024,1,0.0375709251742008,0.054328338372267526,0.005382537841796875,0.00992795644908666,0.015310494290883535,0.04044263923193376,0.060656690558697664
1024,1,0.054328338372267526,0.07108575157033425,0.007289886474609375,0.00992795644908666,0.017217842923696033,0.0406671156025401,0.060967466279908164
1024,3,-0.06297355401419957,-0.046216140816132845,0.001628875732421875,0.00992795644908666,0.011556832181508535,0.03997194992698059,0.059845512873893544
1024,3,-0.046216140816132845,-0.029458727618066116,0.001331329345703125,0.00992795644908666,0.011259285794789785,0.03998251435602909,0.05986384876325742
1024,3,-0.029458727618066116,-0.012701314419999388,0.0009307861328125,0.00992795644908666,0.01085874258189916,0.04000388134064712,0.05989723555722452
1024,3,-0.012701314419999388,0.004056098778067341,0.000507354736328125,0.00992795644908666,0.010435311185414785,0.04003538825084652,0.059948584967284724
1024,3,0.004056098778067341,0.02081351197613407,0.000789642333984375,0.00992795644908666,0.010717598783071035,0.04008166619986859,0.0600114235147374
1024,3,0.02081351197613407,0.0375709251742008,0.001384735107421875,0.00992795644908666,0.011312691556508535,0.04013638489623485,0.060089382320222644
1024,3,0.0375709251742008,0.054328338372267526,0.00201416015625,0.00992795644908666,0.01194211660533666,0.04020230943368989,0.06018184732751178
1024,3,0.054328338372267526,0.07108575157033425,0.0027008056640625,0.00992795644908666,0.01262876211314916,0.040280044769219946,0.06028844183378971
1024,10,-0.06297355401419957,-0.046216140816132845,0.000579833984375,0.00992795644908666,0.01050779043346166,0.040040584389510823,0.059901939520333757
1024,10,-0.046216140816132845,-0.029458727618066116,0.000469207763671875,0.00992795644908666,0.010397164212758535,0.04004401384318498,0.059907520506945776
1024,10,-0.029458727618066116,-0.012701314419999388,0.00034332275390625,0.00992795644908666,0.01027127920299291,0.04005045445722329,0.059917818361918763
1024,10,-0.012701314419999388,0.004056098778067341,0.000186920166015625,0.00992795644908666,0.010114876615102285,0.0400596864711076,0.05993538081623296
1024,10,0.004056098778067341,0.02081351197613407,0.000316619873046875,0.00992795644908666,0.010244576322133535,0.04007589286873424,0.059954199136979545
1024,10,0.02081351197613407,0.0375709251742008,0.000492095947265625,0.00992795644908666,0.010420052396352285,0.04009262198829355,0.059978000559568416
1024,10,0.0375709251742008,0.054328338372267526,0.000705718994140625,0.00992795644908666,0.010633675443227285,0.04011284387170209,0.060006126695695196
1024,10,0.054328338372267526,0.07108575157033425,0.0009307861328125,0.00992795644908666,0.01085874258189916,0.04013654545678632,0.06003848733623843
16384,0,-0.01645238397721649,-0.012276076415867823,0.011463165283203125,0.00992795644908666,0.021391121732289783,0.040288368839111834,0.06054536800163547
16384,0,-0.012276076415867823,-0.008099768854519157,0.00899505615234375,0.00992795644908666,0.01892301260143041,0.04012272227436542,0.06038701494719119
16384,0,-0.008099768854519157,-0.003923461293170491,0.006214141845703125,0.00992795644908666,0.016142098294789783,0.039991658851855426,0.060272410277446155
16384,0,-0.003923461293170491,0.0002528462681781751,0.003265380859375,0.00992795644908666,0.01319333730846166,0.039893319137014584,0.0602051089380938
16384,0,0.0002528462681781751,0.004429153829526841,0.003803253173828125,0.00992795644908666,0.013731209622914785,0.03983336800136393,0.060179416402769546
16384,0,0.004429153829526841,0.008605461390875507,0.007045745849609375,0.00992795644908666,0.016973702298696033,0.03980739929497592,0.060202587584794055
16384,0,0.008605461390875507,0.012781768952224173,0.010334014892578125,0.00992795644908666,0.020261971341664783,0.039818240511136145,0.06027355809664364
16384,0,0.012781768952224173,0.01695807651357284,0.01377105712890625,0.00992795644908666,0.02369901357799291,0.03986560803945642,0.06039520066989678
16384,0.001,-0.01645238397721649,-0.012276076415867823,0.01132965087890625,0.00992795644908666,0.02125760732799291,0.04020776860410261,0.060429035700105604
16384,0.001,-0.012276076415867823,-0.008099768854519157,0.00881195068359375,0.00992795644908666,0.01873990713268041,0.04006998259095102,0.06030351152620947
16384,0.001,-0.008099768854519157,-0.003923461293170491,0.006191253662109375,0.00992795644908666,0.016119210111196033,0.039963784446895585,0.06022000820589836
16384,0.001,-0.003923461293170491,0.0002528462681781751,0.00318145751953125,0.00992795644908666,0.01310941396861791,0.03988926380137517,0.06018282357051082
16384,0.001,0.0002528462681781751,0.004429153829526841,0.003711700439453125,0.00992795644908666,0.013639656888539785,0.03985217643373777,0.06018668899091694
16384,0.001,0.004429153829526841,0.008605461390875507,0.007061004638671875,0.00992795644908666,0.016988961087758533,0.039847395443036435,0.060237552813755285
16384,0.001,0.008605461390875507,0.012781768952224173,0.010257720947265625,0.00992795644908666,0.020185677396352283,0.03987853607932727,0.06033395362931465
16384,0.001,0.012781768952224173,0.01695807651357284,0.0137481689453125,0.00992795644908666,0.02367612539439916,0.0399428414268003,0.060478258001883785
16384,0.003,-0.01645238397721649,-0.012276076415867823,0.011180877685546875,0.00992795644908666,0.021108834134633533,0.04008947722154723,0.06028275433254259
16384,0.003,-0.012276076415867823,-0.008099768854519157,0.008647918701171875,0.00992795644908666,0.018575875150258533,0.03998827028256606,0.060199068387744734
16384,0.003,-0.008099768854519157,-0.003923461293170491,0.0059661865234375,0.00992795644908666,0.01589414297252416,0.03991972123264064,0.06015668806877216
16384,0.003,-0.003923461293170491,0.0002528462681781751,0.003170013427734375,0.00992795644908666,0.013097969876821035,0.03988064493236175,0.06015897058946495
16384,0.003,0.0002528462681781751,0.004429153829526841,0.003665924072265625,0.00992795644908666,0.013593880521352285,0.03987867898845309,0.0602000509622437
16384,0.003,0.004429153829526841,0.008605461390875507,0.00696563720703125,0.00992795644908666,0.01689359365611791,0.039907560774114816,0.06028748539081571
16384,0.003,0.008605461390875507,0.012781768952224173,0.01026153564453125,0.00992795644908666,0.02018949209361791,0.03997133784687084,0.06041977839904413
16384,0.003,0.012781768952224173,0.01695807651357284,0.013645172119140625,0.00992795644908666,0.023573128568227283,0.04006974093215327,0.06059834374414021
16384,0.01,-0.01645238397721649,-0.012276076415867823,0.010845184326171875,0.00992795644908666,0.020773140775258533,0.03980656986605278,0.059935298735213895
16384,0.01,-0.012276076415867823,-0.008099768854519157,0.008331298828125,0.00992795644908666,0.01825925527721166,0.03979259928595724,0.05995109214467747
16384,0.01,-0.008099768854519157,-0.003923461293170491,0.005706787109375,0.00992795644908666,0.01563474355846166,0.0398093779089081,0.06000667202240267
16384,0.01,-0.003923461293170491,0.0002528462681781751,0.002979278564453125,0.00992795644908666,0.012907235013539785,0.03985548803539755,0.06010585266984263
16384,0.01,0.0002528462681781751,0.004429153829526841,0.003490447998046875,0.00992795644908666,0.013418404447133535,0.039937301508746074,0.0602430447496523
16384,0.01,0.004429153829526841,0.008605461390875507,0.00659942626953125,0.00992795644908666,0.01652738271861791,0.04004813167815803,0.0604231628468957
16384,0.01,0.008605461390875507,0.012781768952224173,0.00974273681640625,0.00992795644908666,0.01967069326549291,0.04019214992560715,0.06064615582109519
16384,0.01,0.012781768952224173,0.01695807651357284,0.013103485107421875,0.00992795644908666,0.023031441556508533,0.040369751351337295,0.060913962937719175
16384,0.03,-0.01645238397721649,-0.012276076415867823,0.00980377197265625,0.00992795644908666,0.01973172842174291,0.039492149115529264,0.059519794174880694
16384,0.03,-0.012276076415867823,-0.008099768854519157,0.007526397705078125,0.00992795644908666,0.017454354154164783,0.039579467517218685,0.05965939094831233
16384,0.03,-0.008099768854519157,-0.003923461293170491,0.00511932373046875,0.00992795644908666,0.01504728017955541,0.039694052855899435,0.05983172224779871
16384,0.03,-0.003923461293170491,0.0002528462681781751,0.00266265869140625,0.00992795644908666,0.01259061514049291,0.039833274043470514,0.06003983889973199
16384,0.03,0.0002528462681781751,0.004429153829526841,0.003124237060546875,0.00992795644908666,0.013052193509633535,0.040003851456250274,0.0602783017884843
16384,0.03,0.004429153829526841,0.008605461390875507,0.005779266357421875,0.00992795644908666,0.015707222806508533,0.04019946970153563,0.06055350832354028
16384,0.03,0.008605461390875507,0.012781768952224173,0.00868988037109375,0.00992795644908666,0.01861783682018041,0.04042368577227854,0.06086367306161912
16384,0.03,0.012781768952224173,0.01695807651357284,0.011615753173828125,0.00992795644908666,0.021543709622914783,0.040677585070948964,0.06121048923894871
16384,0.1,-0.01645238397721649,-0.012276076415867823,0.007129669189453125,0.00992795644908666,0.017057625638539783,0.03950833011129904,0.059452552679124575
16384,0.1,-0.012276076415867823,-0.008099768854519157,0.005443572998046875,0.00992795644908666,0.015371529447133535,0.03962096639079247,0.05960754508454295
16384,0.1,-0.008099768854519157,-0.003923461293170491,0.003734588623046875,0.00992795644908666,0.013662545072133535,0.0397488232895011,0.059781795453233824
16384,0.1,-0.003923461293170491,0.0002528462681781751,0.001972198486328125,0.00992795644908666,0.011900154935414785,0.03989156037581233,0.05997765870259849
16384,0.1,0.0002528462681781751,0.004429153829526841,0.00223541259765625,0.00992795644908666,0.01216336904674291,0.04005297376813446,0.060189960237349745
16384,0.1,0.004429153829526841,0.008605461390875507,0.00428009033203125,0.00992795644908666,0.01420804678111791,0.04022792557676546,0.06042183255893325
16384,0.1,0.008605461390875507,0.012781768952224173,0.006317138671875,0.00992795644908666,0.01624509512096166,0.04041858428840305,0.060672624176946924
16384,0.1,0.012781768952224173,0.01695807651357284,0.00832366943359375,0.00992795644908666,0.01825162588268041,0.04062495125172178,0.06094383882431525
16384,0.3,-0.01645238397721649,-0.012276076415867823,0.003765106201171875,0.00992795644908666,0.013693062650258535,0.0397654768763591,0.05965903268802138
16384,0.3,-0.012276076415867823,-0.008099768854519157,0.002857208251953125,0.00992795644908666,0.012785164701039785,0.039830896021349226,0.05974652433297426
16384,0.3,-0.008099768854519157,-0.003923461293170491,0.002010345458984375,0.00992795644908666,0.011938301908071035,0.03990273508320304,0.05984197991892285
16384,0.3,-0.003923461293170491,0.0002528462681781751,0.001071929931640625,0.00992795644908666,0.010999886380727285,0.039980681502700184,0.05994848901490859
16384,0.3,0.0002528462681781751,0.004429153829526841,0.0012359619140625,0.00992795644908666,0.01116391836314916,0.04006894684671236,0.060059665776363756
16384,0.3,0.004429153829526841,0.008605461390875507,0.00225067138671875,0.00992795644908666,0.01217862783580541,0.040160925667119346,0.06017924256540165
16384,0.3,0.008605461390875507,0.012781768952224173,0.00323486328125,0.00992795644908666,0.01316281973033666,0.04025927994031587,0.06030663223094803
16384,0.3,0.012781768952224173,0.01695807651357284,0.00429534912109375,0.00992795644908666,0.01422330557018041,0.040364226019284,0.06044246400650471
16384,1,-0.01645238397721649,-0.012276076415867823,0.001445770263671875,0.00992795644908666,0.011373726712758535,0.03995932237771275,0.05982842520839135
16384,1,-0.012276076415867823,-0.008099768854519157,0.001132965087890625,0.00992795644908666,0.011060921536977285,0.03998386945018489,0.059860272516727105
16384,1,-0.008099768854519157,-0.003923461293170491,0.000782012939453125,0.00992795644908666,0.010709969388539785,0.04001016447944017,0.05989510436202259
16384,1,-0.003923461293170491,0.0002528462681781751,0.00043487548828125,0.00992795644908666,0.01036283193736791,0.04003827287171085,0.05993582371800845
16384,1,0.0002528462681781751,0.004429153829526841,0.000499725341796875,0.00992795644908666,0.010427681790883535,0.04007236013795123,0.059975391750978456
16384,1,0.004429153829526841,0.008605461390875507,0.000873565673828125,0.00992795644908666,0.010801522122914785,0.04010549377615595,0.06001788065696654
16384,1,0.008605461390875507,0.012781768952224173,0.001247406005859375,0.00992795644908666,0.011175362454946035,0.04014082356375092,0.06006294056339174
16384,1,0.012781768952224173,0.01695807651357284,0.001667022705078125,0.00992795644908666,0.011594979154164785,0.04017818955104128,0.060110698871507544
16384,3,-0.01645238397721649,-0.012276076415867823,0.0006103515625,0.00992795644908666,0.01053830801158666,0.040031494015525304,0.05989207087338803
16384,3,-0.012276076415867823,-0.008099768854519157,0.00048828125,0.00992795644908666,0.01041623769908666,0.04004019057894911,0.059903271834932874
16384,3,-0.008099768854519157,-0.003923461293170491,0.000347137451171875,0.00992795644908666,0.010275093900258535,0.04004948841978036,0.05991553047290582
16384,3,-0.003923461293170491,0.0002528462681781751,0.000194549560546875,0.00992795644908666,0.010122506009633535,0.04005900206242859,0.05993183712306444
16384,3,0.0002528462681781751,0.004429153829526841,0.000225067138671875,0.00992795644908666,0.010153023587758535,0.040073025203572595,0.05994536348418573
16384,3,0.004429153829526841,0.008605461390875507,0.000400543212890625,0.00992795644908666,0.010328499661977285,0.040084705558859735,0.05996041308504712
16384,3,0.008605461390875507,0.012781768952224173,0.000522613525390625,0.00992795644908666,0.010450569974477285,0.04009720671069081,0.05997620703453148
16384,3,0.012781768952224173,0.01695807651357284,0.00067138671875,0.00992795644908666,0.01059934316783666,0.04011030693986887,0.05999282099884512
16384,10,-0.01645238397721649,-0.012276076415867823,0.0002288818359375,0.00992795644908666,0.01015683828502416,0.04005890769967269,0.059916253091844285
16384,10,-0.012276076415867823,-0.008099768854519157,0.000179290771484375,0.00992795644908666,0.010107247220571035,0.04006159355562507,0.059919661960315646
16384,10,-0.008099768854519157,-0.003923461293170491,0.000133514404296875,0.00992795644908666,0.010061470853383535,0.04006441790904334,0.05992333980393385
16384,10,-0.003923461293170491,0.0002528462681781751,9.1552734375e-05,0.00992795644908666,0.01001950918346166,0.040066800271365735,0.059930435646076516
16384,10,0.0002528462681781751,0.004429153829526841,9.5367431640625e-05,0.00992795644908666,0.010023323880727285,0.04007324979164035,0.059934068282725295
16384,10,0.004429153829526841,0.008605461390875507,0.00014495849609375,0.00992795644908666,0.01007291494518041,0.04007678958792158,0.059938633909106594
16384,10,0.008605461390875507,0.012781768952224173,0.000217437744140625,0.00992795644908666,0.010145394193227285,0.04008060985001736,0.0599435134060998
16384,10,0.012781768952224173,0.01695807651357284,0.000274658203125,0.00992795644908666,0.01020261465221166,0.04008463712343154,0.05994858186816993
