training_paths,fit,fitted_ratio,lower,upper,error,selected_ridge,selected_bound,level_ridge,level_bound,covers
64,0,0.9519809481559733,-0.02279986154878333,0.15497584018773547,0.05044118995977964,10,0.013227669583852285,1,0.01523263059235043,True
64,1,1.028041075407621,-0.03685203241161972,0.1806894600489919,-0.02727622084215131,10,0.013227669583852285,1,0.01523263059235043,True
64,2,0.9598797104326601,-0.03947759711570853,0.1805040463301355,0.041797205557408734,10,0.013227669583852285,1,0.01523263059235043,True
64,3,0.8580393262082128,-0.024673280982784762,0.1592228313017603,0.16544774750491897,10,0.013227669583852285,1,0.01523263059235043,False
64,4,0.9722974581980838,-0.08011680115312625,0.19183999187625944,0.02849183813897449,10,0.013227669583852285,1,0.01523263059235043,True
64,5,0.993603206545194,-0.021267180382289363,0.1423060679639967,0.0064379758566279754,10,0.013227669583852285,1,0.01523263059235043,True
64,6,1.0112975054314988,-0.037323327262745565,0.18541782290001474,-0.011171297635781618,10,0.013227669583852285,1,0.01523263059235043,True
64,7,1.000590540121523,-0.02227951576291176,0.1599107502127166,-0.0005901915897098542,10,0.013227669583852285,1,0.01523263059235043,True
64,8,0.9594307981654732,-0.054499461964732765,0.1797765687252073,0.04228465660274727,10,0.013227669583852285,1,0.01523263059235043,True
64,9,0.9999941852319982,-0.0600764897591991,0.176201233460054,5.814801813386339e-06,10,0.013227669583852285,1,0.01523263059235043,True
64,10,1.00201549478599,-0.05910877415934801,0.17727949451887004,-0.0020114407376709,10,0.013227669583852285,1,0.01523263059235043,True
64,11,0.9574783337919744,-0.013149660764020576,0.15569166122908729,0.04441005577601298,10,0.013227669583852285,1,0.01523263059235043,True
64,12,0.9991464718362365,-0.056101649317827795,0.19933600993611433,0.0008542572964251871,10,0.013227669583852285,1,0.01523263059235043,True
64,13,0.9548849067989819,-0.05697041053933849,0.172930626123045,0.04724662928462808,10,0.013227669583852285,1,0.01523263059235043,True
64,14,1.0290288178437645,-0.08688382153100827,0.2052485655758809,-0.028209917293270492,10,0.013227669583852285,1,0.01523263059235043,True
64,15,0.9734395937986777,-0.008937047848230684,0.14399072264684842,0.02728510980088128,10,0.013227669583852285,1,0.01523263059235043,True
64,16,0.9861189754688439,-0.04410266460037027,0.18863029789082675,0.014076419657736094,10,0.013227669583852285,1,0.01523263059235043,True
64,17,1.0306485227424305,-0.05487722355787927,0.17818381004332062,-0.02973712382653837,10,0.013227669583852285,1,0.01523263059235043,True
64,18,0.9784130941985457,-0.030015775814495882,0.18595271715390083,0.022063181624870642,10,0.013227669583852285,1,0.01523263059235043,True
64,19,1.0331989392732772,-0.0693617476538505,0.18283231115641208,-0.03213218482069713,10,0.013227669583852285,1,0.01523263059235043,True
64,20,0.9134261632859683,-0.048709605840456804,0.17596118317149512,0.09477923908221575,10,0.013227669583852285,1,0.01523263059235043,True
64,21,0.9840608583306565,-0.06622238631782351,0.1880909653195204,0.01619731293487514,10,0.013227669583852285,1,0.01523263059235043,True
64,22,0.9514444442131516,-0.028453865785523003,0.17345351717235813,0.051033516546522106,10,0.013227669583852285,1,0.01523263059235043,True
64,23,1.0190103771431285,-0.04317468950568948,0.17775973761765718,-0.018655724779197524,10,0.013227669583852285,1,0.01523263059235043,True
64,24,1.0280641281798155,-0.058958570376756336,0.193955594186904,-0.027298032691309815,10,0.013227669583852285,1,0.01523263059235043,True
64,25,1.0088628278743652,-0.033076108769421464,0.16387304753471854,-0.008784968213209732,10,0.013227669583852285,1,0.01523263059235043,True
64,26,1.032736681055472,-0.05027300360322928,0.18229377965500948,-0.03169896223886859,10,0.013227669583852285,1,0.01523263059235043,True
64,27,1.0216657864888834,-0.05371268018506403,0.18682005306943306,-0.02120633457183818,10,0.013227669583852285,1,0.01523263059235043,True
64,28,0.9794670499709882,-0.031168560299819403,0.17923993957973106,0.020963390273945448,10,0.013227669583852285,1,0.01523263059235043,True
64,29,0.9594601388543966,-0.03122691413365286,0.14330056902999355,0.04225278310572467,10,0.013227669583852285,1,0.01523263059235043,True
64,30,0.9733758661250662,-0.025120610600058768,0.16723767861750694,0.027352366954527474,10,0.013227669583852285,1,0.01523263059235043,True
64,31,0.9972016407654046,-0.045236791607895954,0.17997293851969376,0.002806212023926724,10,0.013227669583852285,1,0.01523263059235043,True
64,32,0.9920838051442755,-0.026573428732593385,0.1648684200251498,0.007979361032481869,10,0.013227669583852285,1,0.01523263059235043,True
64,33,1.0005256376824923,-0.04920076000879714,0.18181147058021652,-0.0005253615326737959,10,0.013227669583852285,1,0.01523263059235043,True
64,34,1.0031744699485403,-0.061755561997063335,0.17623375834751664,-0.0031644245778136293,10,0.013227669583852285,1,0.01523263059235043,True
64,35,1.0305869705579136,-0.09645980698775525,0.20649149766214014,-0.029679174520666818,10,0.013227669583852285,1,0.01523263059235043,True
64,36,1.044867850951756,-0.07486526495756585,0.20338795979007118,-0.042941172810405104,10,0.013227669583852285,1,0.01523263059235043,True
64,37,0.9924665699584311,-0.03870324994134111,0.17857406957797983,0.007590613396564638,10,0.013227669583852285,1,0.01523263059235043,True
64,38,0.9866368868547422,-0.032669494037034674,0.18133342684393594,0.013544104546767466,10,0.013227669583852285,1,0.01523263059235043,True
64,39,0.9871908453735964,-0.006734762924323512,0.13949581273012757,0.012975357993272318,10,0.013227669583852285,1,0.01523263059235043,True
64,40,1.0062289718620252,-0.06992054518987822,0.1867853841772955,-0.006190411960111275,10,0.013227669583852285,1,0.01523263059235043,True
64,41,0.9720854598907691,-0.03635865381630199,0.17551843572781478,0.02871613789220495,10,0.013227669583852285,1,0.01523263059235043,True
64,42,0.9688161650318637,-0.03272959715182733,0.15334921598958573,0.032187566737297946,10,0.013227669583852285,1,0.01523263059235043,True
64,43,1.015290753632052,-0.09364507693509938,0.21431833028935876,-0.015060467730402816,10,0.01487943349986791,1,0.018715006325391484,True
64,44,1.0141023542700844,-0.07339222197950934,0.1889168272293975,-0.013906243497713633,10,0.013227669583852285,1,0.01523263059235043,True
64,45,0.9875666477880292,-0.05107366316901407,0.18448178532528803,0.012589886707716769,10,0.013227669583852285,1,0.01523263059235043,True
64,46,0.9652788483534971,-0.033902359888899114,0.1730460460725085,0.03597007404205299,10,0.013227669583852285,1,0.01523263059235043,True
64,47,0.9742336835911114,-0.03325436304253249,0.15663692537640417,0.026447778231103225,10,0.013227669583852285,1,0.01523263059235043,True
64,48,1.0627212893524713,-0.08543506600388595,0.20894847573599096,-0.05901950961261737,10,0.01487943349986791,1,0.018715006325391484,True
64,49,1.0004091435090154,-0.04877823993762642,0.19741923399323213,-0.0004089761790664337,10,0.013227669583852285,1,0.01523263059235043,True
64,50,1.0202226391327665,-0.052216054608166806,0.17522148028379392,-0.019821790222138702,10,0.013227669583852285,1,0.01523263059235043,True
64,51,0.9999946997382986,-0.014669118505807544,0.15886427102552547,5.300289794396562e-06,10,0.013227669583852285,1,0.01523263059235043,True
64,52,0.9898904791082264,-0.01967322459286358,0.1306088690875542,0.010212767073869644,3,0.015814034329946033,0.3,0.01826108251374678,True
64,53,0.9599089338472976,-0.024005715349525003,0.16699338439421862,0.04176548914074396,10,0.013227669583852285,1,0.01523263059235043,True
64,54,0.9649275984885859,-0.028031993377769515,0.1467204553352568,0.03634718456218877,10,0.013227669583852285,1,0.01523263059235043,True
64,55,0.9573279734197294,-0.09603484613214441,0.21539887446347827,0.04457409348213148,10,0.01487943349986791,1,0.018715006325391484,True
64,56,0.9749621853252491,-0.0689253740441782,0.18122573547448173,0.025680805934435558,10,0.013227669583852285,1,0.01523263059235043,True
64,57,0.9887648910109308,-0.08201762241769894,0.2036593052846234,0.011362770959213897,10,0.013227669583852285,1,0.01523263059235043,True
64,58,1.0086663464853791,-0.05985825719438753,0.18584850359872007,-0.008591886222412692,10,0.013227669583852285,1,0.01523263059235043,True
64,59,0.9953588495154999,-0.015234437606627127,0.15651078141218067,0.004662791200137795,10,0.013227669583852285,1,0.01523263059235043,True
64,60,1.019139711600669,-0.025557694094998196,0.17625096495398385,-0.018780262787138513,10,0.013227669583852285,1,0.01523263059235043,True
64,61,0.9314891059799033,-0.004077269333891964,0.10995195379175238,0.07354986073403924,3,0.015814034329946033,0.3,0.01826108251374678,True
64,62,0.9949854149258992,-0.019030323522108983,0.1380851407929813,0.0050398578701520425,3,0.015814034329946033,0.3,0.01826108251374678,True
64,63,1.0399386331311686,-0.0753834988767842,0.1962154496912274,-0.03840479799362462,10,0.013227669583852285,1,0.01523263059235043,True
1024,0,1.0027265758403694,-0.012948637968624443,0.029633906644098706,-0.002719161839392026,0.3,0.01985379873424291,0,0.012251786181793123,True
1024,1,1.005034303217408,-0.02066317661111361,0.03074017189386513,-0.005009085959844173,0.3,0.01985379873424291,0,0.012251786181793123,True
1024,2,1.0099045275693064,-0.021628316728746433,0.03256228002636252,-0.009807390004622607,0.3,0.01985379873424291,0,0.012251786181793123,True
1024,3,0.9904971779905934,-0.01641100213283464,0.030112078383923047,0.00959399200781652,0.3,0.01985379873424291,0,0.012251786181793123,True
1024,4,1.010067263058571,-0.022454278750134282,0.03186003243727531,-0.009966923418631035,0.3,0.01985379873424291,0,0.012251786181793123,True
1024,5,1.0089211593495673,-0.02377703560283384,0.0325210998896166,-0.008842275996390647,0.3,0.01985379873424291,0,0.012251786181793123,True
1024,6,1.0138986984109284,-0.02304523931854574,0.0313562978017099,-0.013708172653453143,0.3,0.01985379873424291,0,0.012251786181793123,True
1024,7,0.9994797705721915,-0.02247163517424433,0.03135753487145254,0.0005205002073336296,0.3,0.01985379873424291,0,0.012251786181793123,True
1024,8,1.000842239332659,-0.01795530844793114,0.029372381378974355,-0.0008415305625196767,0.3,0.01985379873424291,0,0.012251786181793123,True
1024,9,1.0057195200794857,-0.01164041193780696,0.029130351170115087,-0.005686993207642765,0.3,0.01985379873424291,0,0.012251786181793123,True
1024,10,1.0040972787233675,-0.021751982516993063,0.030606732534130154,-0.004080559533610972,0.3,0.01985379873424291,0,0.012251786181793123,True
1024,11,1.004749541570585,-0.020452848764053733,0.031146012214187113,-0.004727090059837846,0.3,0.01985379873424291,0,0.012251786181793123,True
1024,12,0.9935674642774709,-0.004511515757487872,0.028551963323926177,0.00647418112388265,0.3,0.01985379873424291,0,0.012251786181793123,True
1024,13,0.9869538172757374,-0.0021164029293658793,0.024331816670357664,0.013218635457810546,0.3,0.01985379873424291,0,0.012251786181793123,True
1024,14,0.9998892475350681,-0.010348564299867968,0.029053874861857176,0.00011076473239901574,0.3,0.01985379873424291,0,0.012251786181793123,True
1024,15,1.0086883259349553,-0.02119369650993519,0.030642421469893932,-0.00861348913392257,0.3,0.01985379873424291,0,0.012251786181793123,True
1024,16,0.9908076221209005,-0.005934580792022026,0.025972881401737924,0.009277661650828328,0.3,0.01985379873424291,0,0.012251786181793123,True
1024,17,1.0028810350819424,-0.009350549162329358,0.0297786474770505,-0.0028727585637382536,0.3,0.01985379873424291,0,0.012251786181793123,True
1024,18,0.9928298808297055,-0.0015935508117198571,0.02782780098329063,0.007221901061541969,0.3,0.01985379873424291,0,0.012251786181793123,True
1024,19,1.0093004698278034,-0.02169873805942013,0.0307233705931218,-0.009214768154611197,0.3,0.01985379873424291,0,0.012251786181793123,True
1024,20,1.0076379348067195,-0.020804068871661308,0.031245234968585445,-0.007580038963285518,0.3,0.01985379873424291,0,0.012251786181793123,True
1024,21,1.0073326900629904,-0.017422909403947417,0.03194803948700686,-0.007279313116039021,0.3,0.01985379873424291,0,0.012251786181793123,True
1024,22,0.9987470162273474,-0.01246371344204844,0.03171883938926112,0.0012545557105998473,0.3,0.01985379873424291,0,0.012251786181793123,True
1024,23,1.0057342393996354,-0.019945301416534833,0.029686841787710083,-0.005701545373515748,0.3,0.01985379873424291,0,0.012251786181793123,True
1024,24,1.004791812772759,-0.010692052817487085,0.028679143635585325,-0.004768960805458744,0.3,0.01985379873424291,0,0.012251786181793123,True
1024,25,0.9908460812360044,-0.010173779691503793,0.028723603898649364,0.009238487124636707,0.3,0.01985379873424291,0,0.012251786181793123,True
1024,26,0.9953514914305508,-0.00604112298699,0.02827050182399038,0.004670218118393743,0.3,0.01985379873424291,0,0.012251786181793123,True
1024,27,1.01125592231342,-0.0230703834679562,0.03220825781112979,-0.011130636731076171,0.3,0.01985379873424291,0,0.012251786181793123,True
1024,28,1.0018071700164606,-0.014006573514960263,0.028787387676502796,-0.001803910044316126,0.3,0.01985379873424291,0,0.012251786181793123,True
1024,29,0.9868532119835879,-0.011374604137345923,0.027917815989545014,0.013321928587522125,0.3,0.01985379873424291,0,0.012251786181793123,True
1024,30,1.0008756043084472,-0.021058480351998754,0.031030377721148694,-0.0008748382962658896,0.3,0.01985379873424291,0,0.012251786181793123,True
1024,31,0.9966855370805094,-0.008818850995155447,0.02849859796168097,0.003325485116598914,0.3,0.01985379873424291,0,0.012251786181793123,True
1024,32,0.9891998353316719,-0.009831069046560503,0.02846457934166957,0.010918081749080377,0.3,0.01985379873424291,0,0.012251786181793123,True
1024,33,1.0059150641272727,-0.017918378157101844,0.02987948847542321,-0.00588028188284917,0.3,0.01985379873424291,0,0.012251786181793123,True
1024,34,0.993565094046885,-0.019901305938342828,0.03166545662803055,0.006476582150148902,0.3,0.01985379873424291,0,0.012251786181793123,True
1024,35,0.9920277893706453,-0.010938970708885942,0.027124594144521064,0.008036277526471736,0.3,0.01985379873424291,0,0.012251786181793123,True
1024,36,1.0066426765199477,-0.021313593612892978,0.031891542106193826,-0.006598842543524941,0.3,0.01985379873424291,0,0.012251786181793123,True
1024,37,1.0165246428126407,-0.0242640862904121,0.0323909786997254,-0.01625601792290865,0.3,0.01985379873424291,0,0.012251786181793123,True
1024,38,0.9984145152451949,-0.00614138991213109,0.02997515579230603,0.0015880025085730498,0.3,0.01985379873424291,0,0.012251786181793123,True
1024,39,0.9902386881204023,-0.002368014493423498,0.026249265599531224,0.009857534346719987,0.3,0.01985379873424291,0,0.012251786181793123,True
1024,40,0.9958994972816442,-0.0036083514714846388,0.025129642953924725,0.004117386071132989,0.3,0.01985379873424291,0,0.012251786181793123,True
1024,41,0.9895043133179579,-0.005605022750775457,0.0285697508374525,0.010607014583744911,0.3,0.01985379873424291,0,0.012251786181793123,True
1024,42,0.9949643968413432,-0.012294402867486842,0.028488324708291657,0.00506108879337086,0.3,0.01985379873424291,0,0.012251786181793123,True
1024,43,0.9979105746216639,-0.020546036595963435,0.029560252715000068,0.0020938002176480452,0.3,0.01985379873424291,0,0.012251786181793123,True
1024,44,0.9856187164399006,-0.013115132670638463,0.029274633548178386,0.014591122632132247,0.3,0.01985379873424291,0,0.012251786181793123,True
1024,45,0.9928050741067641,-0.009452091434238197,0.027169927020863183,0.007247068010514779,0.3,0.01985379873424291,0,0.012251786181793123,True
1024,46,1.0087029537028993,-0.02343777963949656,0.03289789884031946,-0.008627865786405398,0.3,0.01985379873424291,0,0.012251786181793123,True
1024,47,0.9933620743850547,-0.006652350142643537,0.02643350597975158,0.006682282106506232,0.3,0.01985379873424291,0,0.012251786181793123,True
1024,48,0.9943253805765843,-0.011785148983685545,0.029137068726951654,0.005707004502012447,0.3,0.01985379873424291,0,0.012251786181793123,True
1024,49,0.9962558577745629,-0.003510913422704376,0.027097139851755436,0.003758213511336983,0.3,0.01985379873424291,0,0.012251786181793123,True
1024,50,1.007586522060808,-0.018319069372442986,0.02979110933469742,-0.007529400100838357,0.3,0.01985379873424291,0,0.012251786181793123,True
1024,51,0.9974025500191507,-0.01486242096377488,0.029338918618864396,0.002604214297225793,0.3,0.01985379873424291,0,0.012251786181793123,True
1024,52,0.9988763051410408,-0.01690539659826118,0.028183239782550107,0.001124958969569878,0.3,0.01985379873424291,0,0.012251786181793123,True
1024,53,0.9904175829217091,-0.0025225457783984995,0.02462798433985358,0.00967512819191163,0.3,0.01985379873424291,0,0.012251786181793123,True
1024,54,0.988233154271179,-0.015011848256927807,0.026553704784714194,0.01190695300796607,0.3,0.01985379873424291,0,0.012251786181793123,True
1024,55,0.9982074158466893,-0.016720771767103626,0.029431199607708125,0.0017958032818161662,0.3,0.01985379873424291,0,0.012251786181793123,True
1024,56,1.0063357959535724,-0.012537569543378035,0.03124595726164192,-0.006295906375434868,0.3,0.01985379873424291,0,0.012251786181793123,True
1024,57,1.0047088316778559,-0.015329539204962717,0.030383892276388602,-0.0046867625021193016,0.3,0.01985379873424291,0,0.012251786181793123,True
1024,58,1.0010818758637148,-0.009796512341228913,0.028077359718431838,-0.001080706673249221,0.3,0.01985379873424291,0,0.012251786181793123,True
1024,59,1.007615761358793,-0.020957245947449854,0.029763025233234153,-0.007558199911961494,0.3,0.01985379873424291,0,0.012251786181793123,True
1024,60,1.0068795316417354,-0.021961634749324666,0.03219489649238172,-0.006832527055662951,0.3,0.01985379873424291,0,0.012251786181793123,True
1024,61,0.9895553190949827,-0.002495174741233175,0.02562978818410544,0.010554923715199394,0.3,0.01985379873424291,0,0.012251786181793123,True
1024,62,1.0049314211274554,-0.020215866702237295,0.030417469388079432,-0.004907221551419649,0.3,0.01985379873424291,0,0.012251786181793123,True
1024,63,1.0001995738992049,-0.021521174238093965,0.03125720075746519,-0.00019953407741102325,0.3,0.01985379873424291,0,0.012251786181793123,True
16384,0,1.0011681535136847,-0.005996838818947081,0.006678266753445294,-0.001166790523235206,0,0.016973702298696033,0,0.010272410277446152,True
16384,1,0.9995936881718415,-0.005393630314562636,0.006437443614943694,0.0004064769845653071,0,0.016973702298696033,0,0.010272410277446152,True
16384,2,0.9989671561278208,-0.005148562471179785,0.006243525580395648,0.0010339117415858468,0,0.016973702298696033,0,0.010272410277446152,True
16384,3,0.9967815331427201,-0.005455685205723593,0.0063655079704445505,0.003228858832418968,0,0.016973702298696033,0,0.010272410277446152,True
16384,4,0.997637503057853,-0.004954275361942151,0.006311705847472204,0.0023680915511954392,0,0.016973702298696033,0,0.010272410277446152,True
16384,5,0.9992850156063597,-0.0014924170108463475,0.0065054044071586326,0.0007154959620869761,0,0.016973702298696033,0,0.010205108938093795,True
16384,6,1.0004146260842586,-0.0055865549786041635,0.006437527191069936,-0.00041445424071961945,0,0.016973702298696033,0,0.010272410277446152,True
16384,7,0.9986803239880455,-0.00572524821902598,0.006469335838741541,0.0013214198580429048,0,0.016973702298696033,0,0.010272410277446152,True
16384,8,1.0013149425403811,-0.005918606302442231,0.006606126926603784,-0.0013132157371436026,0,0.016973702298696033,0,0.010272410277446152,True
16384,9,1.0002941785996333,-0.0056790841652115676,0.006485927002178649,-0.0002940920840358574,0,0.016973702298696033,0,0.010272410277446152,True
16384,10,0.9982250359994806,-0.0056147598619270545,0.006565407997421113,0.0017781200996849211,0,0.016973702298696033,0,0.010272410277446152,True
16384,11,1.0000612060705294,-0.00521190290233331,0.006363646577077775,-6.120232457562658e-05,0,0.016973702298696033,0,0.010272410277446152,True
16384,12,0.9967278589729194,-0.0006175213580750238,0.006178634661158977,0.003282883083505217,0,0.016973702298696033,0,0.010205108938093795,True
16384,13,0.9981994561740067,-0.002313529043495244,0.00650899308415398,0.0018037916318793812,0,0.016973702298696033,0,0.010205108938093795,True
16384,14,1.0007474350892005,-0.00589366962617599,0.006607407102139806,-0.0007468768472375098,0,0.016973702298696033,0,0.010272410277446152,True
16384,15,1.00277696711805,-0.006131581991260626,0.006767685375891785,-0.002769276927082731,0,0.016973702298696033,0,0.010272410277446152,True
16384,16,1.0001468175447443,-0.0027303391440747227,0.006456712167579148,-0.0001467959925171014,0,0.016973702298696033,0,0.010205108938093795,True
16384,17,0.9983494024362367,-0.0057518780948535575,0.00648172177794315,0.0016533265405231923,0,0.016973702298696033,0,0.010272410277446152,True
16384,18,1.0027305937905806,-0.00599149413344624,0.006657532834751789,-0.0027231579523850913,0,0.016973702298696033,0,0.010272410277446152,True
16384,19,0.9987861326491555,-0.0038618890592422295,0.00639821820345321,0.0012153426155656621,0,0.016973702298696033,0,0.010205108938093795,True
16384,20,1.0027424452350524,-0.005977348458651388,0.006728176401140873,-0.0027349447987210507,0,0.016973702298696033,0,0.010272410277446152,True
16384,21,0.9983516581870586,-0.005692249959301621,0.0064791362672083075,0.0016510633296635824,0,0.016973702298696033,0,0.010272410277446152,True
16384,22,0.9979674090189468,-0.0011947726369314626,0.006195614073840394,0.002036730821752375,0,0.016973702298696033,0,0.010205108938093795,True
16384,23,1.0008261758065835,-0.005900265630615742,0.00661915643750155,-0.0008254938035745507,0,0.016973702298696033,0,0.010272410277446152,True
16384,24,0.9952874091123423,-0.0032681925386667254,0.006317400631927317,0.004734904555721009,0,0.016973702298696033,0,0.010205108938093795,True
16384,25,1.005375223463895,-0.006240270794334979,0.006887019381931037,-0.0053464849127426994,0,0.016973702298696033,0,0.010272410277446152,True
16384,26,0.998904103755018,-0.005548385235867093,0.006401663267849855,0.001097098551164466,0,0.016973702298696033,0,0.010272410277446152,True
16384,27,1.0025439085794838,-0.005904877118988017,0.006678509577007885,-0.002537453529679601,0,0.016973702298696033,0,0.010272410277446152,True
16384,28,0.9983303322906135,-0.005372547697340302,0.006380366922646763,0.0016724601621143087,0,0.016973702298696033,0,0.010272410277446152,True
16384,29,1.000794000786151,-0.006071755079165131,0.006752800930102332,-0.0007933708490732716,0,0.016973702298696033,0,0.010272410277446152,True
16384,30,1.0044773198377162,-0.0059909811251809275,0.006698553633897708,-0.00445736279883302,0,0.016973702298696033,0,0.010272410277446152,True
16384,31,0.9984887035878105,-0.005611217455106621,0.006492748392349812,0.001513583886086023,0,0.016973702298696033,0,0.010272410277446152,True
16384,32,0.9981101304607829,-0.005709552389303596,0.006535390268317176,0.001893447908744017,0,0.016973702298696033,0,0.010272410277446152,True
16384,33,1.0005149359196417,-0.005818032888126545,0.006528523001199327,-0.0005146708971099923,0,0.016973702298696033,0,0.010272410277446152,True
16384,34,0.9984277237732204,-0.003935603022968026,0.006342005635543213,0.0015747521721829472,0,0.016973702298696033,0,0.010272410277446152,True
16384,35,0.9989287765274324,-0.0056653601857146185,0.006596426969812885,0.0010723722228640487,0,0.016973702298696033,0,0.010272410277446152,True
16384,36,1.0009235286553118,-0.005847801573004352,0.006583306700151947,-0.0009226765370902168,0,0.016973702298696033,0,0.010272410277446152,True
16384,37,0.9987337314954259,-0.0033464261938558337,0.006483773594884834,0.0012678739734544031,0,0.016973702298696033,0,0.010205108938093795,True
16384,38,1.0005012990367268,-0.005559503926005016,0.006417242227179543,-0.0005010478619162928,0,0.016973702298696033,0,0.010272410277446152,True
16384,39,1.0011077924097962,-0.004994017966405306,0.006537071760323476,-0.0011065665637559619,0,0.016973702298696033,0,0.010272410277446152,True
16384,40,0.9991847127296509,-0.002066492589805846,0.006226234322018742,0.000815952506040496,0,0.016973702298696033,0,0.010205108938093795,True
16384,41,0.999095572350635,-0.005915713480524332,0.006627409870963108,0.0009052463792198484,0,0.016973702298696033,0,0.010272410277446152,True
16384,42,1.0002033301368767,-0.0058900501993870424,0.006617427552982669,-0.00020328880213671408,0,0.016973702298696033,0,0.010272410277446152,True
16384,43,0.9985764942802628,-0.0035152526200795675,0.006350545877338076,0.0014255349769305425,0,0.016973702298696033,0,0.010205108938093795,True
16384,44,1.0032921919820628,-0.0059189480116838,0.006626024647313988,-0.0032813890194429707,0,0.016973702298696033,0,0.010272410277446152,True
16384,45,0.9982941557964952,-0.002025711722793866,0.006241197701937207,0.0017087590802771224,0,0.016973702298696033,0,0.010205108938093795,True
16384,46,1.0012492607691499,-0.005903141046552318,0.006633858000516746,-0.0012477020639098946,0,0.016973702298696033,0,0.010272410277446152,True
16384,47,0.9989383450731845,-0.0031048297096729627,0.006365751110014806,0.001062783235874054,0,0.016973702298696033,0,0.010205108938093795,True
16384,48,1.003729266408261,-0.006066034013686439,0.00671741480659982,-0.003715410652123219,0,0.016973702298696033,0,0.010272410277446152,True
16384,49,1.0007282366240697,-0.005946912310072605,0.006610489710375589,-0.0007277066814127542,0,0.016973702298696033,0,0.010272410277446152,True
16384,50,0.9987444409487981,-0.004250330455934481,0.0064224769288812045,0.0012571374615202302,0,0.016973702298696033,0,0.010272410277446152,True
16384,51,1.001799010150043,-0.00576503819341212,0.006536723493090202,-0.001795779524451202,0,0.016973702298696033,0,0.010272410277446152,True
16384,52,0.9997956624684053,-0.0024495255113443637,0.006369840146488226,0.00020437929395500376,0,0.016973702298696033,0,0.010205108938093795,True
16384,53,0.9964501792877279,-0.002303745567554971,0.006249339692585565,0.0035624668308149587,0,0.016973702298696033,0,0.010205108938093795,True
16384,54,0.9999281665193505,-0.005974284070128344,0.006695555177205659,7.183864106918847e-05,0,0.016973702298696033,0,0.010272410277446152,True
16384,55,1.0007792861613372,-0.005925169654567464,0.006604683344622275,-0.000778679347297695,0,0.016973702298696033,0,0.010272410277446152,True
16384,56,0.9994590741156658,-0.005834479469403742,0.006565014378205447,0.000541218643507646,0,0.016973702298696033,0,0.010272410277446152,True
16384,57,1.0021190523912589,-0.006112862296257182,0.006796137285461246,-0.0021145715034579515,0,0.016973702298696033,0,0.010272410277446152,True
16384,58,0.9993421932741426,-0.00501745508865703,0.006322415785874336,0.0006582397203727108,0,0.016973702298696033,0,0.010272410277446152,True
16384,59,0.9997013090737722,-0.00572576491750898,0.006529374692151979,0.00029878016915318995,0,0.016973702298696033,0,0.010272410277446152,True
16384,60,1.0013394400328457,-0.005734898036245939,0.006596545171565493,-0.0013376483331184463,0,0.016973702298696033,0,0.010272410277446152,True
16384,61,0.9992605890163088,-0.005047427934516402,0.0064136543601014395,0.0007399581168503477,0,0.016973702298696033,0,0.010272410277446152,True
16384,62,0.9981406305499521,-0.0033610601042030064,0.006281414482593339,0.001862833145088505,0,0.016973702298696033,0,0.010205108938093795,True
16384,63,0.9991021579543533,-0.0038816904543672592,0.006364341962733278,0.0008986488904048073,0,0.016973702298696033,0,0.010205108938093795,True
