kappa,training_paths,method,ridge_over_fitted_kappa_squared,ridge_over_fitted_kappa_squared_min,ridge_over_fitted_kappa_squared_max,gap,gap_min,gap_max,independent_gap,independent_gap_min,independent_gap_max,null_rejection,null_rejection_min,null_rejection_max,oracle_null,oracle_null_min,oracle_null_max,null_rejection_cv,null_rejection_cv_min,null_rejection_cv_max,matched_null,matched_null_min,matched_null_max,strong_raw,strong_raw_min,strong_raw_max,strong_matched,strong_matched_min,strong_matched_max,weak_raw,weak_raw_min,weak_raw_max,weak_matched,weak_matched_min,weak_matched_max
0.1,64,full,0.0,0.0,0.0,0.02356100082397461,0.000152587890625,0.2205810546875,0.025554656982421875,0.006103515625,0.214813232421875,0.05106287258129458,0.04916816804367949,0.09871111089312848,0.04924484289222131,0.04924484289222131,0.04924484289222131,0.05181802968907327,0.049923325151458184,0.09946626800090719,0.05221579069101087,0.05148133246710915,0.05272500603256478,0.27789383437831705,0.26933427785081065,0.4268870631289641,0.28204913587715397,0.27135077407601793,0.3053709484943212,0.3057892948262118,0.25122538294848645,0.5359821051890412,0.31032306204253834,0.2464143769160811,0.4156008264868736
0.1,64,selected,9.671875,3.0,10.0,0.0006361007690429688,6.103515625e-05,0.003631591796875,0.005913734436035156,0.00555419921875,0.0068359375,0.049807474781711075,0.04974594081684584,0.05024310011991626,0.049782157718244666,0.04977796455694745,0.049867418664621355,0.05002531706346642,0.0499679762598984,0.05037568145529492,0.05200950959004986,0.052003182189403335,0.05205215516613447,0.24605131520987059,0.2457630590345041,0.24879034992642635,0.25168524488432076,0.25155466378034885,0.253445798875944,0.051311557870791016,0.05100870704568989,0.05439027466635915,0.053413960042787506,0.053162839397968384,0.05618261167364327
0.1,64,level,0.9671875,0.3,1.0,0.0032372474670410156,0.0001220703125,0.022369384765625,0.0076885223388671875,0.005645751953125,0.024993896484375,0.0503134400779726,0.049770447666974076,0.05363248845766428,0.050082891437848026,0.05006305048046375,0.050486324237994665,0.05023054864012459,0.04970739718651032,0.05356943797720054,0.05221570666734403,0.052134974742998566,0.052724687913966596,0.25369189837193545,0.2511337924691964,0.2760110711416798,0.2585538348624177,0.25738302293084664,0.2732630678398108,0.062352440824774716,0.058889576099910156,0.10005762815672244,0.0644476575267958,0.061491755814141326,0.09849516265264927
0.1,64,fixed,0.0,0.0,0.0,0.0002994537353515625,6.103515625e-05,0.000732421875,0.006061077117919922,0.00579833984375,0.006195068359375,0.049746178976156304,0.04972499642236479,0.04980654637566953,0.049742231123291084,0.049741681098991054,0.04974260463915582,0.050003947852865216,0.04998331532337374,0.050063979482984876,0.05198734975499793,0.051985775365877604,0.05198814867871277,0.2452287588118784,0.24517798276655534,0.24537321475820165,0.2509677425920347,0.2509534806970056,0.25097620113768593,0.05029777815675274,0.050278882591705785,0.05035445527049004,0.05241726517091673,0.05241244471257983,0.052420292264813546
0.1,1024,full,0.0,0.0,0.0,0.005724430084228516,0.000335693359375,0.012847900390625,0.009725570678710938,0.006072998046875,0.0150146484375,0.04930690119952453,0.04916756924551207,0.049851004832663734,0.04924484289222131,0.04924484289222131,0.04924484289222131,0.050062058307303224,0.04992272635329076,0.05060616194044243,0.052162284377818606,0.052093467020971604,0.05228970915022782,0.27062824924558565,0.2693342556880023,0.2732042372549263,0.2797520048402838,0.2769509215794327,0.2824547597908239,0.2913877911989617,0.2775468751370027,0.3048803856360234,0.30101644950521006,0.2853997327659748,0.31482172956064014
0.1,1024,selected,0.3,0.3,0.3,0.0021681785583496094,0.000213623046875,0.004791259765625,0.006257057189941406,0.005340576171875,0.008148193359375,0.0505032214452681,0.050159053071962695,0.050883291608145705,0.05048632423799466,0.050486324237994665,0.050486324237994665,0.05001689720727344,0.04967272883396803,0.05039696737015105,0.052734774690064046,0.052696119676221065,0.05276569483510671,0.2658223178667845,0.2644069011412319,0.2672736763078183,0.27159870070659353,0.27119194861304696,0.27194815801362937,0.08765599601731537,0.08554371681892477,0.089657219704676,0.09083602379084417,0.08923593380583343,0.09226649774721904
0.1,1024,level,0.0,0.0,0.0,0.005724430084228516,0.000335693359375,0.012847900390625,0.009725570678710938,0.006072998046875,0.0150146484375,0.04930690119952453,0.04916756924551207,0.049851004832663734,0.04924484289222131,0.04924484289222131,0.04924484289222131,0.050062058307303224,0.04992272635329076,0.05060616194044243,0.052162284377818606,0.052093467020971604,0.05228970915022782,0.27062824924558565,0.2693342556880023,0.2732042372549263,0.2797520048402838,0.2769509215794327,0.2824547597908239,0.2913877911989617,0.2775468751370027,0.3048803856360234,0.30101644950521006,0.2853997327659748,0.31482172956064014
0.1,1024,fixed,0.0,0.0,0.0,0.00017070770263671875,6.103515625e-05,0.00030517578125,0.006084918975830078,0.00604248046875,0.006134033203125,0.04974236319627831,0.0497369439738815,0.049747155491886234,0.04974226357210538,0.04974194123410516,0.04974254466592715,0.05000009962417293,0.04999500273977634,0.0500047102027177,0.051987743649861556,0.05198744810713237,0.05198789255390676,0.24521909299567082,0.245206727664274,0.24523027780152648,0.2509692255808226,0.2509671637138952,0.25097175839767427,0.05029402825915734,0.050289442828086686,0.050298048883934694,0.052417702448955696,0.052416881273655375,0.052418600540253435
0.1,16384,full,0.0,0.0,0.0,0.0017447471618652344,0.000274658203125,0.0048828125,0.006943225860595703,0.006011962890625,0.0093994140625,0.04924580303194288,0.04918013270227648,0.04937717170903809,0.04924484289222131,0.04924484289222131,0.04924484289222131,0.05000096013972157,0.04993528981005518,0.050132328816816785,0.052152378542657085,0.05212876710470376,0.052198435054112924,0.2703926195947888,0.2697852287606656,0.27108118112536994,0.27971118682020957,0.2787255143397105,0.2805561766630241,0.2911615525421347,0.2863486453160179,0.29532716751687266,0.30096826163393686,0.29573303752157737,0.3053705969502788
0.1,16384,selected,0.0,0.0,0.0,0.0017447471618652344,0.000274658203125,0.0048828125,0.006943225860595703,0.006011962890625,0.0093994140625,0.04924580303194288,0.04918013270227648,0.04937717170903809,0.04924484289222131,0.04924484289222131,0.04924484289222131,0.05000096013972157,0.04993528981005518,0.050132328816816785,0.052152378542657085,0.05212876710470376,0.052198435054112924,0.2703926195947888,0.2697852287606656,0.27108118112536994,0.27971118682020957,0.2787255143397105,0.2805561766630241,0.2911615525421347,0.2863486453160179,0.29532716751687266,0.30096826163393686,0.29573303752157737,0.3053705969502788
0.1,16384,level,0.0,0.0,0.0,0.0017447471618652344,0.000274658203125,0.0048828125,0.006943225860595703,0.006011962890625,0.0093994140625,0.04924580303194288,0.04918013270227648,0.04937717170903809,0.04924484289222131,0.04924484289222131,0.04924484289222131,0.05000096013972157,0.04993528981005518,0.050132328816816785,0.052152378542657085,0.05212876710470376,0.052198435054112924,0.2703926195947888,0.2697852287606656,0.27108118112536994,0.27971118682020957,0.2787255143397105,0.2805561766630241,0.2911615525421347,0.2863486453160179,0.29532716751687266,0.30096826163393686,0.29573303752157737,0.3053705969502788
0.1,16384,fixed,0.0,0.0,0.0,0.00011539459228515625,6.103515625e-05,0.00018310546875,0.006073951721191406,0.006072998046875,0.006103515625,0.049742337490874755,0.049740452216884376,0.049744000764172416,0.04974230767011477,0.049742195984645264,0.04974239619712146,0.050000029820759975,0.049998256232239115,0.05000162855687114,0.051987834236951004,0.05198774230996041,0.05198792657429277,0.24521905574786435,0.2452145198807319,0.24522263304307187,0.2509692985495569,0.25096828794538817,0.25097025647456556,0.05029403768049155,0.0502925112545717,0.05029511609363832,0.05241771345067608,0.05241721229257257,0.052418142619956254
1.0,64,full,0.0,0.0,0.0,0.02356100082397461,0.000152587890625,0.2205810546875,0.025554656982421875,0.006103515625,0.214813232421875,0.05106287258129458,0.04916816804367949,0.09871111089312848,0.04924484289222131,0.04924484289222131,0.04924484289222131,0.05181802968907327,0.049923325151458184,0.09946626800090719,0.05221579069101087,0.05148133246710915,0.05272500603256478,0.27789383437831705,0.26933427785081065,0.4268870631289641,0.28204913587715397,0.27135077407601793,0.3053709484943212,0.3057892948262118,0.25122538294848645,0.5359821051890412,0.31032306204253834,0.2464143769160811,0.4156008264868736
1.0,64,selected,9.671875,3.0,10.0,0.0006361007690429688,6.103515625e-05,0.003631591796875,0.005913734436035156,0.00555419921875,0.0068359375,0.049807474781711075,0.04974594081684584,0.05024310011991626,0.049782157718244666,0.04977796455694745,0.049867418664621355,0.05002531706346642,0.0499679762598984,0.05037568145529492,0.05200950959004986,0.052003182189403335,0.05205215516613447,0.24605131520987059,0.2457630590345041,0.24879034992642635,0.25168524488432076,0.25155466378034885,0.253445798875944,0.051311557870791016,0.05100870704568989,0.05439027466635915,0.053413960042787506,0.053162839397968384,0.05618261167364327
1.0,64,level,0.9671875,0.3,1.0,0.0032372474670410156,0.0001220703125,0.022369384765625,0.0076885223388671875,0.005645751953125,0.024993896484375,0.0503134400779726,0.049770447666974076,0.05363248845766428,0.050082891437848026,0.05006305048046375,0.050486324237994665,0.05023054864012459,0.04970739718651032,0.05356943797720054,0.05221570666734403,0.052134974742998566,0.052724687913966596,0.25369189837193545,0.2511337924691964,0.2760110711416798,0.2585538348624177,0.25738302293084664,0.2732630678398108,0.062352440824774716,0.058889576099910156,0.10005762815672244,0.0644476575267958,0.061491755814141326,0.09849516265264927
1.0,64,fixed,0.0,0.0,0.0,0.005972862243652344,9.1552734375e-05,0.034454345703125,0.009938716888427734,0.005462646484375,0.036590576171875,0.04983827183726884,0.04762042340987158,0.05633824036005812,0.04940360222403859,0.049366307578850195,0.049497908077154304,0.050434669613230246,0.0482541158310214,0.05684033228290382,0.05208905838437532,0.052078199842269524,0.0521030679562822,0.25556472219268833,0.2501251086293462,0.27138422858980005,0.26141127536011083,0.26028296596347844,0.2619202583498643,0.06986171851682435,0.06720938940335862,0.07765436961510705,0.07263792741879212,0.07235398060117078,0.0727491169863075
1.0,1024,full,0.0,0.0,0.0,0.005724430084228516,0.000335693359375,0.012847900390625,0.009725570678710938,0.006072998046875,0.0150146484375,0.04930690119952453,0.04916756924551207,0.049851004832663734,0.04924484289222131,0.04924484289222131,0.04924484289222131,0.050062058307303224,0.04992272635329076,0.05060616194044243,0.052162284377818606,0.052093467020971604,0.05228970915022782,0.27062824924558565,0.2693342556880023,0.2732042372549263,0.2797520048402838,0.2769509215794327,0.2824547597908239,0.2913877911989617,0.2775468751370027,0.3048803856360234,0.30101644950521006,0.2853997327659748,0.31482172956064014
1.0,1024,selected,0.3,0.3,0.3,0.0021681785583496094,0.000213623046875,0.004791259765625,0.006257057189941406,0.005340576171875,0.008148193359375,0.0505032214452681,0.050159053071962695,0.050883291608145705,0.05048632423799466,0.050486324237994665,0.050486324237994665,0.05001689720727344,0.04967272883396803,0.05039696737015105,0.052734774690064046,0.052696119676221065,0.05276569483510671,0.2658223178667845,0.2644069011412319,0.2672736763078183,0.27159870070659353,0.27119194861304696,0.27194815801362937,0.08765599601731537,0.08554371681892477,0.089657219704676,0.09083602379084417,0.08923593380583343,0.09226649774721904
1.0,1024,level,0.0,0.0,0.0,0.005724430084228516,0.000335693359375,0.012847900390625,0.009725570678710938,0.006072998046875,0.0150146484375,0.04930690119952453,0.04916756924551207,0.049851004832663734,0.04924484289222131,0.04924484289222131,0.04924484289222131,0.050062058307303224,0.04992272635329076,0.05060616194044243,0.052162284377818606,0.052093467020971604,0.05228970915022782,0.27062824924558565,0.2693342556880023,0.2732042372549263,0.2797520048402838,0.2769509215794327,0.2824547597908239,0.2913877911989617,0.2775468751370027,0.3048803856360234,0.30101644950521006,0.2853997327659748,0.31482172956064014
1.0,1024,fixed,0.0,0.0,0.0,0.0019106864929199219,0.000213623046875,0.003997802734375,0.006443500518798828,0.00537109375,0.00799560546875,0.04940872185395401,0.04885820735164089,0.04991380739426064,0.04939907939201499,0.04939066392532214,0.04940405560374141,0.05000964246193902,0.04946754342631875,0.05050975179051923,0.0520888958945899,0.05208613428633378,0.05209252873490185,0.25451794171503717,0.2531740333615942,0.25574538935507407,0.2614904044728301,0.26138577991582235,0.2616042911821662,0.06934585805241265,0.06868293463738667,0.06994983969608419,0.07265599841453291,0.07263317670976208,0.07268725064216655
1.0,16384,full,0.0,0.0,0.0,0.0017447471618652344,0.000274658203125,0.0048828125,0.006943225860595703,0.006011962890625,0.0093994140625,0.04924580303194288,0.04918013270227648,0.04937717170903809,0.04924484289222131,0.04924484289222131,0.04924484289222131,0.05000096013972157,0.04993528981005518,0.050132328816816785,0.052152378542657085,0.05212876710470376,0.052198435054112924,0.2703926195947888,0.2697852287606656,0.27108118112536994,0.27971118682020957,0.2787255143397105,0.2805561766630241,0.2911615525421347,0.2863486453160179,0.29532716751687266,0.30096826163393686,0.29573303752157737,0.3053705969502788
1.0,16384,selected,0.0,0.0,0.0,0.0017447471618652344,0.000274658203125,0.0048828125,0.006943225860595703,0.006011962890625,0.0093994140625,0.04924580303194288,0.04918013270227648,0.04937717170903809,0.04924484289222131,0.04924484289222131,0.04924484289222131,0.05000096013972157,0.04993528981005518,0.050132328816816785,0.052152378542657085,0.05212876710470376,0.052198435054112924,0.2703926195947888,0.2697852287606656,0.27108118112536994,0.27971118682020957,0.2787255143397105,0.2805561766630241,0.2911615525421347,0.2863486453160179,0.29532716751687266,0.30096826163393686,0.29573303752157737,0.3053705969502788
1.0,16384,level,0.0,0.0,0.0,0.0017447471618652344,0.000274658203125,0.0048828125,0.006943225860595703,0.006011962890625,0.0093994140625,0.04924580303194288,0.04918013270227648,0.04937717170903809,0.04924484289222131,0.04924484289222131,0.04924484289222131,0.05000096013972157,0.04993528981005518,0.050132328816816785,0.052152378542657085,0.05212876710470376,0.052198435054112924,0.2703926195947888,0.2697852287606656,0.27108118112536994,0.27971118682020957,0.2787255143397105,0.2805561766630241,0.2911615525421347,0.2863486453160179,0.29532716751687266,0.30096826163393686,0.29573303752157737,0.3053705969502788
1.0,16384,fixed,0.0,0.0,0.0,0.0007014274597167969,0.000152587890625,0.001617431640625,0.005630016326904297,0.005401611328125,0.006317138671875,0.049405544184376274,0.04921900774885603,0.049560321137857154,0.049400775637511427,0.04939693651078192,0.04940205222496741,0.05000476854686485,0.04982207123807411,0.05015913430229611,0.05208924798184254,0.05208712731984402,0.05209142910555695,0.25450966822324894,0.2540515994401575,0.2548968090113971,0.26149064204690564,0.26145814987113203,0.2615299543605676,0.06934075895870147,0.06911605271264762,0.0695312492601583,0.07265543703684761,0.0726476928238789,0.07266595373329487
