lower,upper,statistic,lower_quantile_lower,upper_quantile_upper,decision
0.2,3.0,0.07168173376661938,0.0025360007602733214,0.7299807569816109,split
0.2,1.6,0.07168173376661938,0.0025388818495046747,0.2047179788413729,split
0.2,0.9,0.07168173376661938,0.0025403814593609117,0.0642722330420743,reject
0.9,1.6,0.07168173376661938,0.051867378110618166,0.2046336395793698,split
0.9,1.25,0.07168173376661938,0.051882478573791656,0.12441927191718982,split
0.9,1.075,0.07168173376661938,0.05189009255862949,0.0918405121117035,split
0.9,0.9875,0.07168173376661938,0.05189391421954079,0.07742174741436905,split
0.9,0.9437500000000001,0.07168173376661938,0.05189582854690522,0.07067854022040951,reject
0.9437500000000001,0.9875,0.07168173376661938,0.05709271008697702,0.07741975358073637,split
0.9437500000000001,0.9656250000000001,0.07168173376661938,0.057093762254205635,0.0740094339183971,split
0.9437500000000001,0.9546875000000001,0.07168173376661938,0.05709428857503212,0.07233337927277131,split
0.9437500000000001,0.9492187500000001,0.07168173376661938,0.057094551794470566,0.07150262531280165,reject
0.9492187500000001,0.9546875000000001,0.07168173376661938,0.05776180140309192,0.07233314645891115,split
0.9492187500000001,0.9519531250000002,0.07168173376661938,0.057761934537543975,0.07191716478449971,split
0.9492187500000001,0.9505859375000001,0.07168173376661938,0.05776200110849423,0.07170960877287542,split
0.9492187500000001,0.94990234375,0.07168173376661938,0.05776204468179695,0.07160595463251015,reject
0.94990234375,0.9505859375000001,0.07168173376661938,0.057845726703184525,0.07170958027228648,retain_unresolved
0.9505859375000001,0.9519531250000002,0.07168173376661938,0.057929426177074216,0.07191708705684698,accept
0.9519531250000002,0.9546875000000001,0.07168173376661938,0.058097029157281044,0.0723330300627388,accept
0.9546875000000001,0.9656250000000001,0.07168173376661938,0.05843269933773042,0.07400895758987575,accept
0.9656250000000001,0.9875,0.07168173376661938,0.059786232532210576,0.07741875739555747,accept
0.9875,1.075,0.07168173376661938,0.06253796717318488,0.09183578878253675,split
0.9875,1.03125,0.07168173376661938,0.06254026619325243,0.08447124928101318,accept
1.03125,1.075,0.07168173376661938,0.06823885011711607,0.09183343065865913,split
1.03125,1.053125,0.07168173376661938,0.06824010334691545,0.08811234788627641,accept
1.053125,1.075,0.07168173376661938,0.07118369341716738,0.0918322525071556,split
1.053125,1.0640625,0.07168173376661938,0.07118434679498666,0.0899620049078314,split
1.053125,1.05859375,0.07168173376661938,0.07118467356097877,0.0890341789783165,split
1.053125,1.055859375,0.07168173376661938,0.07118483696318753,0.08857209011999985,accept
1.055859375,1.05859375,0.07168173376661938,0.07155721259757401,0.08903403621209809,split
1.055859375,1.0572265625,0.07168173376661938,0.07155729472188538,0.08880280710668112,split
1.055859375,1.05654296875,0.07168173376661938,0.07155735376399734,0.0886873301082156,accept
1.05654296875,1.0572265625,0.07168173376661938,0.07165060143249354,0.08880277849520848,retain_unresolved
1.0572265625,1.05859375,0.07168173376661938,0.07174385127351696,0.08903393160580397,reject
1.05859375,1.0640625,0.07168173376661938,0.07193040590128356,0.08996171642707483,reject
1.0640625,1.075,0.07168173376661938,0.07267973607825433,0.09183166366214725,reject
1.075,1.25,0.07168173376661938,0.07418067103147762,0.12440651212834511,reject
1.25,1.6,0.07168173376661938,0.10048391744891079,0.2045919166962733,reject
1.6,3.0,0.07168173376661938,0.16514174972118362,0.7293922781031669,reject
