paths,ridge,partition,cells,empirical_envelope_gap,cdf_band,cdf_upper,rejection_lower,rejection_upper,rejection_deviation_upper
262144,0,original_cover,4,0.0330352783203125,0.0051197418900861096,0.04327476210048472,0.0388747644689683,0.0626030394584519,0.012603039458451898
262144,0,clip_to_interval,4,0.025104522705078125,0.0051197418900861096,0.035344006485250344,0.0388747644689683,0.06160439951798603,0.01160439951798603
262144,0,split_32,32,0.024990081787109375,0.0051197418900861096,0.035229565567281594,0.039627788409734646,0.061275417986867406,0.011275417986867403
262144,0.001,original_cover,4,0.032825469970703125,0.0051197418900861096,0.043064953750875344,,,
262144,0.001,clip_to_interval,4,0.025028228759765625,0.0051197418900861096,0.035267712539937844,,,
262144,0.001,split_32,32,0.024906158447265625,0.0051197418900861096,0.035145642227437844,,,
262144,0.003,original_cover,4,0.03241729736328125,0.0051197418900861096,0.04265678114345347,,,
262144,0.003,clip_to_interval,4,0.02484893798828125,0.0051197418900861096,0.03508842176845347,,,
262144,0.003,split_32,32,0.024730682373046875,0.0051197418900861096,0.034970166153219094,,,
262144,0.01,original_cover,4,0.031097412109375,0.0051197418900861096,0.04133689588954722,,,
262144,0.01,clip_to_interval,4,0.02387237548828125,0.0051197418900861096,0.03411185926845347,,,
262144,0.01,split_32,32,0.023784637451171875,0.0051197418900861096,0.034024121231344094,,,
262144,0.03,original_cover,4,0.02740478515625,0.0051197418900861096,0.03764426893642222,,,
262144,0.03,clip_to_interval,4,0.021068572998046875,0.0051197418900861096,0.031308056778219094,,,
262144,0.03,split_32,32,0.02103424072265625,0.0051197418900861096,0.03127372450282847,,,
262144,0.1,original_cover,4,0.0192413330078125,0.0051197418900861096,0.02948081678798472,,,
262144,0.1,clip_to_interval,4,0.01480865478515625,0.0051197418900861096,0.02504813856532847,,,
262144,0.1,split_32,32,0.014797210693359375,0.0051197418900861096,0.025036694473531594,,,
262144,0.3,original_cover,4,0.00975799560546875,0.0051197418900861096,0.01999747938564097,,,
262144,0.3,clip_to_interval,4,0.007556915283203125,0.0051197418900861096,0.017796399063375344,,,
262144,0.3,split_32,32,0.007549285888671875,0.0051197418900861096,0.017788769668844094,,,
2097152,0,original_cover,4,0.03296232223510742,0.0018101021042023601,0.03658252644351214,0.045505282214646225,0.055748898007420764,0.005748898007420761
2097152,0,clip_to_interval,4,0.025034427642822266,0.0018101021042023601,0.028654631851226985,0.045505282214646225,0.05483741798636062,0.004837417986360615
2097152,0,split_32,32,0.024909019470214844,0.0018101021042023601,0.028529223678619563,0.04626998919518139,0.05452057818607557,0.004520578186075569
2097152,0.001,original_cover,4,0.03275442123413086,0.0018101021042023601,0.03637462544253558,,,
2097152,0.001,clip_to_interval,4,0.024881362915039062,0.0018101021042023601,0.02850156712344378,,,
2097152,0.001,split_32,32,0.024753570556640625,0.0018101021042023601,0.028373774765045344,,,
2097152,0.003,original_cover,4,0.03225851058959961,0.0018101021042023601,0.03587871479800433,,,
2097152,0.003,clip_to_interval,4,0.024577617645263672,0.0018101021042023601,0.02819782185366839,,,
2097152,0.003,split_32,32,0.024458885192871094,0.0018101021042023601,0.028079089401275813,,,
2097152,0.01,original_cover,4,0.03084421157836914,0.0018101021042023601,0.03446441578677386,,,
2097152,0.01,clip_to_interval,4,0.023530960083007812,0.0018101021042023601,0.02715116429141253,,,
2097152,0.01,split_32,32,0.02345561981201172,0.0018101021042023601,0.027075824020416438,,,
2097152,0.03,original_cover,4,0.027277469635009766,0.0018101021042023601,0.030897673843414485,,,
2097152,0.03,clip_to_interval,4,0.02086925506591797,0.0018101021042023601,0.024489459274322688,,,
2097152,0.03,split_32,32,0.02082347869873047,0.0018101021042023601,0.024443682907135188,,,
2097152,0.1,original_cover,4,0.01877117156982422,0.0018101021042023601,0.022391375778228938,,,
2097152,0.1,clip_to_interval,4,0.014431476593017578,0.0018101021042023601,0.018051680801422297,,,
2097152,0.1,split_32,32,0.01441192626953125,0.0018101021042023601,0.01803213047793597,,,
2097152,0.3,original_cover,4,0.009448051452636719,0.0018101021042023601,0.01306825566104144,,,
2097152,0.3,clip_to_interval,4,0.007278919219970703,0.0018101021042023601,0.010899123428375424,,,
2097152,0.3,split_32,32,0.007276058197021484,0.0018101021042023601,0.010896262405426205,,,
