paths,ridge,endpoint,d,empirical_gap,gap_lower,gap_upper,cdf_band,maximizing_score,reference_quantile,side,signed_difference
262144,0,lower,-0.012948637968624443,0.009113311767578125,0,0.019352795547750344,0.0051197418900861096,1.4547567686401925,0.2956886291503906,right,0.009113311767578125
262144,0,upper,0.029633906644098706,0.02496337890625,0.014723895126077781,0.03520286268642222,0.0051197418900861096,1.5121560987982203,0.350799560546875,left,-0.02496337890625
262144,0.001,lower,-0.012948637968624443,0.009067535400390625,0,0.019307019180562844,0.0051197418900861096,1.423764364633074,0.2744598388671875,right,0.009067535400390625
262144,0.001,upper,0.029633906644098706,0.024883270263671875,0.014643786483499656,0.035122754043844094,0.0051197418900861096,1.506142876344021,0.3536186218261719,left,-0.024883270263671875
262144,0.003,lower,-0.012948637968624443,0.008945465087890625,0,0.019184948868062844,0.0051197418900861096,1.4163309520765026,0.2823829650878906,right,0.008945465087890625
262144,0.003,upper,0.029633906644098706,0.024707794189453125,0.014468310409280906,0.034947277969625344,0.0051197418900861096,1.4894972454031559,0.35407257080078125,left,-0.024707794189453125
262144,0.01,lower,-0.012948637968624443,0.008693695068359375,0,0.018933178848531594,0.0051197418900861096,1.4016519721135206,0.3168830871582031,right,0.008693695068359375
262144,0.01,upper,0.029633906644098706,0.023773193359375,0.013533709579202781,0.03401267713954722,0.0051197418900861096,1.431756265811671,0.3483123779296875,left,-0.023773193359375
262144,0.03,lower,-0.012948637968624443,0.007762908935546875,0,0.018002392715719094,0.0051197418900861096,1.3022182709349654,0.3236122131347656,right,0.007762908935546875
262144,0.03,upper,0.029633906644098706,0.021030426025390625,0.010790942245218406,0.031269909805562844,0.0051197418900861096,1.3451603933973846,0.3721466064453125,left,-0.021030426025390625
262144,0.1,lower,-0.012948637968624443,0.005771636962890625,0,0.016011120743062844,0.0051197418900861096,1.1526692560793297,0.36283111572265625,right,0.005771636962890625
262144,0.1,upper,0.029633906644098706,0.01479339599609375,0.004553912215921531,0.02503287977626597,0.0051197418900861096,1.1341396512391644,0.33994293212890625,left,-0.01479339599609375
262144,0.3,lower,-0.012948637968624443,0.003040313720703125,0,0.013279797500875344,0.0051197418900861096,0.9880674544450877,0.3464241027832031,right,0.003040313720703125
262144,0.3,upper,0.029633906644098706,0.007549285888671875,0,0.017788769668844094,0.0051197418900861096,0.9735409175086251,0.3279151916503906,left,-0.007549285888671875
2097152,0,lower,-0.012948637968624443,0.008801460266113281,0.0051812560577085606,0.012421664474518002,0.0018101021042023601,1.4623448044658378,0.3019566535949707,right,0.008801460266113281
2097152,0,upper,0.029633906644098706,0.024893760681152344,0.021273556472747625,0.028513964889557063,0.0018101021042023601,1.5226688706342015,0.3597593307495117,left,-0.024893760681152344
2097152,0.001,lower,-0.012948637968624443,0.008800029754638672,0.005179825546233951,0.012420233963043393,0.0018101021042023601,1.4577328483524132,0.3056497573852539,right,0.008800029754638672
2097152,0.001,upper,0.029633906644098706,0.02473735809326172,0.021117153884857,0.028357562301666438,0.0018101021042023601,1.506195015423028,0.3524937629699707,left,-0.02473735809326172
2097152,0.003,lower,-0.012948637968624443,0.008718490600585938,0.005098286392181217,0.012338694808990658,0.0018101021042023601,1.4431476244012784,0.3073544502258301,right,0.008718490600585938
2097152,0.003,upper,0.029633906644098706,0.024446487426757812,0.020826283218353094,0.02806669163516253,0.0018101021042023601,1.4975458667808166,0.36077117919921875,left,-0.024446487426757812
2097152,0.01,lower,-0.012948637968624443,0.008435249328613281,0.0048150451202085606,0.012055453537018002,0.0018101021042023601,1.3987147745283615,0.31314611434936523,right,0.008435249328613281
2097152,0.01,upper,0.029633906644098706,0.023440837860107422,0.019820633651702703,0.02706104206851214,0.0018101021042023601,1.4325801957743887,0.34807777404785156,left,-0.023440837860107422
2097152,0.03,lower,-0.012948637968624443,0.007703304290771484,0.004083100082366764,0.011323508499176205,0.0018101021042023601,1.3012339719409252,0.3217763900756836,right,0.007703304290771484
2097152,0.03,upper,0.029633906644098706,0.020814895629882812,0.017194691421478094,0.02443509983828753,0.0018101021042023601,1.342744298843674,0.36842870712280273,left,-0.020814895629882812
2097152,0.1,lower,-0.012948637968624443,0.005394458770751953,0.0017742545623472329,0.009014662979156674,0.0018101021042023601,1.1660051752682068,0.37864208221435547,right,0.005394458770751953
2097152,0.1,upper,0.029633906644098706,0.014409542083740234,0.010789337875335514,0.018029746292144953,0.0018101021042023601,1.1764796473506038,0.39200544357299805,left,-0.014409542083740234
2097152,0.3,lower,-0.012948637968624443,0.0028123855590820312,0,0.006432589767486752,0.0018101021042023601,0.9917233592931101,0.3504772186279297,right,0.0028123855590820312
2097152,0.3,upper,0.029633906644098706,0.007275581359863281,0.003655377151458561,0.010895785568268002,0.0018101021042023601,0.9950780996302426,0.3549528121948242,left,-0.007275581359863281
