method,cell,lower_kappa,upper_kappa,power_lower_kappa,power_upper_kappa,lower_low,lower_high,lower_n10,lower_n01,upper_low,upper_high,upper_n10,upper_n01,power_low,power_high,power_n10,power_n01,envelope_width_mean
raw,0,0.9444335937500001,0.9517822265625001,0.9444335937500001,0.9517822265625001,-0.007853099687266756,0.004536195364322698,0,3,-0.007853099687266756,0.004536195364322698,0,3,-0.005154263376553272,0.015848342754109828,13,2,0.0011382387964978037
pooled,0,0.9444335937500001,0.9517822265625001,0.9444335937500001,0.9517822265625001,-0.009427560596149919,0.009427560596149919,5,5,-0.008556392818317753,0.00952842278051776,5,4,0.1282307676983353,0.1972143014827187,337,2,0.005700110298276345
pooled_ridge_0.01,0,0.9444335937500001,0.9517822265625001,0.9444335937500001,0.9517822265625001,-0.011252606676966885,0.007364133267396952,3,7,-0.01118419049589663,0.008276269272653946,4,7,0.09659722974686936,0.1598496862701947,266,2,0.0047338725992331614
pooled_ridge_0.03,0,0.9444335937500001,0.9517822265625001,0.9444335937500001,0.9517822265625001,-0.005821324641757594,0.005821324641757594,1,1,-0.005815032835226025,0.006883017506146097,2,1,0.058983315854075645,0.11204522084848055,177,1,0.0035378490837255543
pooled_ridge_0.1,0,0.9444335937500001,0.9517822265625001,0.9444335937500001,0.9517822265625001,-0.0057818008247885475,0.007853058995467902,3,1,-0.0057818008247885475,0.007853058995467902,3,1,0.011426765230061916,0.04593232592930345,60,1,0.001887167766504648
raw,1,0.9517822265625001,0.9591308593750001,0.9517822265625001,0.9591308593750001,-0.007853099687266756,0.004536195364322698,0,3,-0.007853099687266756,0.004536195364322698,0,3,-0.004092570512164769,0.015854634560641397,13,1,0.0011694149172656355
pooled,1,0.9517822265625001,0.9591308593750001,0.9517822265625001,0.9591308593750001,-0.008556392818317753,0.00952842278051776,5,4,-0.008556392818317753,0.00952842278051776,5,4,0.13317903940169382,0.20295604449802518,348,2,0.005758727764383279
pooled_ridge_0.01,1,0.9517822265625001,0.9591308593750001,0.9517822265625001,0.9591308593750001,-0.011252606676966885,0.007364133267396952,3,7,-0.009596838961588016,0.00764425681306076,3,5,0.1027890178362267,0.1672629992492004,280,2,0.004783995640335645
pooled_ridge_0.03,1,0.9517822265625001,0.9591308593750001,0.9517822265625001,0.9591308593750001,-0.005821324641757594,0.005821324641757594,1,1,-0.004575719181291744,0.005821365333556448,1,0,0.060263500765458645,0.11368017860445771,180,1,0.003577587776262957
pooled_ridge_0.1,1,0.9517822265625001,0.9591308593750001,0.9517822265625001,0.9591308593750001,-0.005821324641757594,0.005821324641757594,1,1,-0.0057818008247885475,0.007853058995467902,3,1,0.011426765230061916,0.04593232592930345,60,1,0.0019121827879180267
raw,2,0.9591308593750001,0.9664794921875001,0.9591308593750001,0.9664794921875001,-0.007853099687266756,0.004536195364322698,0,3,-0.006883058197944951,0.004569427374760175,0,2,-0.004092570512164769,0.015854634560641397,13,1,0.0012008458690032369
pooled,2,0.9591308593750001,0.9664794921875001,0.9591308593750001,0.9664794921875001,-0.008657255002685594,0.008657255002685594,4,4,-0.008556392818317753,0.00952842278051776,5,4,0.13768726962975622,0.20816603888502602,358,2,0.005836813031933849
pooled_ridge_0.01,2,0.9591308593750001,0.9664794921875001,0.9591308593750001,0.9664794921875001,-0.009630070972025492,0.006674215323738955,2,5,-0.007813535178498856,0.007813535178498856,3,3,0.10411898649919221,0.16884842179087006,283,2,0.0048501726168140415
pooled_ridge_0.03,2,0.9591308593750001,0.9664794921875001,0.9591308593750001,0.9664794921875001,-0.0045757598730905985,0.0045757598730905985,0,0,-0.004575719181291744,0.005821365333556448,1,0,0.06240146377204681,0.11640081327940624,185,1,0.0036289808148448665
pooled_ridge_0.1,2,0.9591308593750001,0.9664794921875001,0.9591308593750001,0.9664794921875001,-0.005821324641757594,0.005821324641757594,1,1,-0.005815032835226025,0.006883017506146097,2,1,0.011800636137247727,0.04652958833128297,61,1,0.0019421647079068207
raw,3,0.9664794921875001,0.973828125,0.9664794921875001,0.973828125,-0.006883058197944951,0.004569427374760175,0,2,-0.005821365333556448,0.004575719181291744,0,1,-0.003847241251220505,0.0165771094699304,14,1,0.001232545761276339
pooled,3,0.9664794921875001,0.973828125,0.9664794921875001,0.973828125,-0.00872567118375585,0.0077451189974286,3,4,-0.0077451189974286,0.00872567118375585,4,3,0.14175239358797162,0.21284733943803122,367,2,0.005932297917811439
pooled_ridge_0.01,3,0.9664794921875001,0.973828125,0.9664794921875001,0.973828125,-0.007853058995467902,0.0057818008247885475,1,3,-0.006876725699614528,0.006876725699614528,2,2,0.10767081584115953,0.17307098892326064,291,2,0.004930459546972693
pooled_ridge_0.03,3,0.9664794921875001,0.973828125,0.9664794921875001,0.973828125,-0.0045757598730905985,0.0045757598730905985,0,0,-0.0045757598730905985,0.0045757598730905985,0,0,0.06368676512585628,0.11803068574132292,188,1,0.0036902326602795375
pooled_ridge_0.1,3,0.9664794921875001,0.973828125,0.9664794921875001,0.973828125,-0.005821324641757594,0.005821324641757594,1,1,-0.004575719181291744,0.005821365333556448,1,0,0.01217550042149992,0.04712587332348997,62,1,0.001977490323126381
raw,4,0.973828125,0.9811767578125001,0.973828125,0.9811767578125001,-0.005821365333556448,0.004575719181291744,0,1,-0.0045757598730905985,0.0045757598730905985,0,0,-0.0035938193861250215,0.017291723513364006,15,1,0.0012645073645210542
pooled,4,0.973828125,0.9811767578125001,0.973828125,0.9811767578125001,-0.00872567118375585,0.0077451189974286,3,4,-0.007813535178498856,0.007813535178498856,3,3,0.1508111073194901,0.22322519418381356,387,2,0.006043413825518075
pooled_ridge_0.01,4,0.973828125,0.9811767578125001,0.973828125,0.9811767578125001,-0.007853058995467902,0.0057818008247885475,1,3,-0.006883017506146097,0.005815032835226025,1,2,0.11390423265165212,0.180442831088095,305,2,0.005023651189036053
pooled_ridge_0.03,4,0.973828125,0.9811767578125001,0.973828125,0.9811767578125001,-0.0045757598730905985,0.0045757598730905985,0,0,-0.0045757598730905985,0.0045757598730905985,0,0,0.06712314116280746,0.1223681587037826,196,1,0.0037611263743698112
pooled_ridge_0.1,4,0.973828125,0.9811767578125001,0.973828125,0.9811767578125001,-0.005821324641757594,0.005821324641757594,1,1,-0.004575719181291744,0.005821365333556448,1,0,0.012551335136552336,0.047721203288492844,63,1,0.002017814616018632
raw,5,0.9811767578125001,0.9885253906250001,0.9811767578125001,0.9885253906250001,-0.005821365333556448,0.004575719181291744,0,1,-0.0045757598730905985,0.0045757598730905985,0,0,-0.0023482139256591717,0.01729176420516286,15,0,0.001296675451985176
pooled,5,0.9811767578125001,0.9885253906250001,0.9811767578125001,0.9885253906250001,-0.007813535178498856,0.007813535178498856,3,3,-0.007813535178498856,0.007813535178498856,3,3,0.1558075674810801,0.22891888420229548,398,2,0.006168970447558741
pooled_ridge_0.01,5,0.9811767578125001,0.9885253906250001,0.9811767578125001,0.9885253906250001,-0.006883017506146097,0.005815032835226025,1,2,-0.006883017506146097,0.005815032835226025,1,2,0.11836987831603828,0.18569527414858494,315,2,0.005128887814358246
pooled_ridge_0.03,5,0.9811767578125001,0.9885253906250001,0.9811767578125001,0.9885253906250001,-0.0045757598730905985,0.0045757598730905985,0,0,-0.0045757598730905985,0.0045757598730905985,0,0,0.07143596989393308,0.12777273926570282,206,1,0.0038415232738673233
pooled_ridge_0.1,5,0.9811767578125001,0.9885253906250001,0.9811767578125001,0.9885253906250001,-0.0045757598730905985,0.0045757598730905985,0,0,-0.004575719181291744,0.005821365333556448,1,0,0.013305828483516392,0.048909083394048154,65,1,0.0020630140350271957
raw,6,0.9885253906250001,0.9958740234375001,0.9885253906250001,0.9958740234375001,-0.0045757598730905985,0.0045757598730905985,0,0,-0.0045757598730905985,0.0045757598730905985,0,0,-0.0023482139256591717,0.01729176420516286,15,0,0.0013290335036835635
pooled,6,0.9885253906250001,0.9958740234375001,0.9885253906250001,0.9958740234375001,-0.007853058995467902,0.0057818008247885475,1,3,-0.0057818008247885475,0.007853058995467902,3,1,0.16354824206703955,0.23769939816538246,415,2,0.006310490584669166
pooled_ridge_0.01,6,0.9885253906250001,0.9958740234375001,0.9885253906250001,0.9958740234375001,-0.006883017506146097,0.005815032835226025,1,2,-0.004575719181291744,0.005821365333556448,1,0,0.12284604134700337,0.19093723539137858,325,2,0.00524740469373312
pooled_ridge_0.03,6,0.9885253906250001,0.9958740234375001,0.9885253906250001,0.9958740234375001,-0.0045757598730905985,0.0045757598730905985,0,0,-0.0045757598730905985,0.0045757598730905985,0,0,0.07273340719655677,0.1293905443016844,209,1,0.003931326147330814
pooled_ridge_0.1,6,0.9885253906250001,0.9958740234375001,0.9885253906250001,0.9958740234375001,-0.0045757598730905985,0.0045757598730905985,0,0,-0.004575719181291744,0.005821365333556448,1,0,0.014444321867791658,0.05068425312320115,68,1,0.00211381062413263
raw,7,0.9958740234375001,1.0032226562500002,0.9958740234375001,1.0032226562500002,-0.0045757598730905985,0.0045757598730905985,0,0,-0.0045757598730905985,0.0045757598730905985,0,0,-0.0020874316346061877,0.01799923498642845,16,0,0.0013616020243671944
pooled,7,0.9958740234375001,1.0032226562500002,0.9958740234375001,1.0032226562500002,-0.006883058197944951,0.004569427374760175,0,2,-0.004536195364322698,0.007853099687266756,3,0,0.16993946906833227,0.244913895523236,429,2,0.0064692478072097565
pooled_ridge_0.01,7,0.9958740234375001,1.0032226562500002,0.9958740234375001,1.0032226562500002,-0.005821365333556448,0.004575719181291744,0,1,-0.004575719181291744,0.005821365333556448,1,0,0.12912959481638947,0.19825911076937444,339,2,0.00538040942370239
pooled_ridge_0.03,7,0.9958740234375001,1.0032226562500002,0.9958740234375001,1.0032226562500002,-0.0045757598730905985,0.0045757598730905985,0,0,-0.004575719181291744,0.005821365333556448,1,0,0.07576693159609352,0.13315928453872544,216,1,0.004032265920421776
pooled_ridge_0.1,7,0.9958740234375001,1.0032226562500002,0.9958740234375001,1.0032226562500002,-0.0045757598730905985,0.0045757598730905985,0,0,-0.0045757598730905985,0.0045757598730905985,0,0,0.01597413702404478,0.05303949609830366,72,1,0.0021696166737915582
raw,8,1.0032226562500002,1.0105712890625,1.0032226562500002,1.0105712890625,-0.0045757598730905985,0.0045757598730905985,0,0,-0.0045757598730905985,0.0045757598730905985,0,0,-0.0020874316346061877,0.01799923498642845,16,0,0.0013944582620794362
pooled,8,1.0032226562500002,1.0105712890625,1.0032226562500002,1.0105712890625,-0.005815032835226025,0.006883017506146097,2,1,-0.004536195364322698,0.007853099687266756,3,0,0.17955309957184845,0.255708912247666,450,2,0.00664642189495701
pooled_ridge_0.01,8,1.0032226562500002,1.0105712890625,1.0032226562500002,1.0105712890625,-0.0045757598730905985,0.0045757598730905985,0,0,-0.004575719181291744,0.005821365333556448,1,0,0.13317903940169382,0.20295604449802518,348,2,0.005528173839661905
pooled_ridge_0.03,8,1.0032226562500002,1.0105712890625,1.0032226562500002,1.0105712890625,-0.0045757598730905985,0.0045757598730905985,0,0,-0.004575719181291744,0.005821365333556448,1,0,0.07880879761881629,0.13691972591522258,223,1,0.004143499722855079
pooled_ridge_0.1,8,1.0032226562500002,1.0105712890625,1.0032226562500002,1.0105712890625,-0.0045757598730905985,0.0045757598730905985,0,0,-0.004575719181291744,0.005821365333556448,1,0,0.017129780804464458,0.054797763205717186,75,1,0.0022309217175654587
raw,9,1.0105712890625,1.0179199218750001,1.0105712890625,1.0179199218750001,-0.0045757598730905985,0.0045757598730905985,0,0,-0.004575719181291744,0.005821365333556448,1,0,-0.0020874316346061877,0.01799923498642845,16,0,0.0014275492951285036
pooled,9,1.0105712890625,1.0179199218750001,1.0105712890625,1.0179199218750001,-0.0057818008247885475,0.007853058995467902,3,1,-0.0057818008247885475,0.007853058995467902,3,1,0.1846011607304483,0.2613511215021002,461,2,0.006837885468820676
pooled_ridge_0.01,9,1.0105712890625,1.0179199218750001,1.0105712890625,1.0179199218750001,-0.005821324641757594,0.005821324641757594,1,1,-0.004569427374760175,0.006883058197944951,2,0,0.13633384031503112,0.20660399799448712,355,2,0.005687977641378855
pooled_ridge_0.03,9,1.0105712890625,1.0179199218750001,1.0105712890625,1.0179199218750001,-0.004575719181291744,0.005821365333556448,1,0,-0.004575719181291744,0.005821365333556448,1,0,0.08142248978758929,0.1401366146184406,229,1,0.004264302092675407
pooled_ridge_0.1,9,1.0105712890625,1.0179199218750001,1.0105712890625,1.0179199218750001,-0.0045757598730905985,0.0045757598730905985,0,0,-0.004575719181291744,0.005821365333556448,1,0,0.01790392779942437,0.05596627437302162,77,1,0.00229720244681985
raw,10,1.0179199218750001,1.0252685546875,1.0179199218750001,1.0252685546875,-0.004575719181291744,0.005821365333556448,1,0,-0.004575719181291744,0.005821365333556448,1,0,-0.0020874316346061877,0.01799923498642845,16,0,0.001460789059448548
pooled,10,1.0179199218750001,1.0252685546875,1.0179199218750001,1.0252685546875,-0.0057818008247885475,0.007853058995467902,3,1,-0.005713384643718292,0.008765195000724896,4,1,0.1933397526708364,0.2710775813288003,480,2,0.007045552969488923
pooled_ridge_0.01,10,1.0179199218750001,1.0252685546875,1.0179199218750001,1.0252685546875,-0.005815032835226025,0.006883017506146097,2,1,-0.004569427374760175,0.006883058197944951,2,0,0.14401387328825802,0.21544499313715482,372,2,0.005861129878739248
pooled_ridge_0.03,10,1.0179199218750001,1.0252685546875,1.0179199218750001,1.0252685546875,-0.004575719181291744,0.005821365333556448,1,0,-0.004575719181291744,0.005821365333556448,1,0,0.08666671072836188,0.14655363586616688,241,1,0.004394527789667407
pooled_ridge_0.1,10,1.0179199218750001,1.0252685546875,1.0179199218750001,1.0252685546875,-0.004575719181291744,0.005821365333556448,1,0,-0.004575719181291744,0.005821365333556448,1,0,0.018680920644190996,0.05713197767861111,79,1,0.0023682253327571515
raw,11,1.0252685546875,1.0326171875,1.0252685546875,1.0326171875,-0.004575719181291744,0.005821365333556448,1,0,-0.004575719181291744,0.005821365333556448,1,0,-0.0020874316346061877,0.01799923498642845,16,0,0.001494204419235744
pooled,11,1.0252685546875,1.0326171875,1.0252685546875,1.0326171875,-0.005713384643718292,0.008765195000724896,4,1,-0.005484057671310922,0.010476522560174352,6,1,0.20487350936261467,0.283840014034966,505,2,0.0072663906276280305
pooled_ridge_0.01,11,1.0252685546875,1.0326171875,1.0252685546875,1.0326171875,-0.006876725699614528,0.006876725699614528,2,2,-0.005713384643718292,0.008765195000724896,4,1,0.1535352347608212,0.226332054628079,393,2,0.006045293161189248
pooled_ridge_0.03,11,1.0252685546875,1.0326171875,1.0252685546875,1.0326171875,-0.004575719181291744,0.005821365333556448,1,0,-0.004569427374760175,0.006883058197944951,2,0,0.09193218093405439,0.15294950492042536,253,1,0.0045333727815342895
pooled_ridge_0.1,11,1.0252685546875,1.0326171875,1.0252685546875,1.0326171875,-0.004575719181291744,0.005821365333556448,1,0,-0.004575719181291744,0.005821365333556448,1,0,0.019851523639043675,0.058875485512453245,82,1,0.002444115008620954
raw,12,1.0326171875,1.0399658203125,1.0326171875,1.0399658203125,-0.004575719181291744,0.005821365333556448,1,0,-0.004575719181291744,0.005821365333556448,1,0,-0.0020874316346061877,0.01799923498642845,16,0,0.0015277697277723801
pooled,12,1.0326171875,1.0399658203125,1.0326171875,1.0399658203125,-0.006775077508106795,0.008758903194193327,4,2,-0.005332398913686644,0.011292130493935931,7,1,0.2145917599424019,0.2945306163844488,526,2,0.007500862047496759
pooled_ridge_0.01,12,1.0326171875,1.0399658203125,1.0326171875,1.0399658203125,-0.0077451189974286,0.00872567118375585,4,3,-0.006674215323738955,0.009630070972025492,5,2,0.15990277040150608,0.2335701859925052,407,2,0.0062406706521716745
pooled_ridge_0.03,12,1.0326171875,1.0399658203125,1.0326171875,1.0399658203125,-0.004569427374760175,0.006883058197944951,2,0,-0.004569427374760175,0.006883058197944951,2,0,0.09721760668419666,0.1593255049143447,265,1,0.004680459723549691
pooled_ridge_0.1,12,1.0326171875,1.0399658203125,1.0326171875,1.0399658203125,-0.004575719181291744,0.005821365333556448,1,0,-0.004575719181291744,0.005821365333556448,1,0,0.021421383076869496,0.061191221555076426,86,1,0.0025244663179237697
raw,13,1.0399658203125,1.047314453125,1.0399658203125,1.047314453125,-0.004575719181291744,0.005821365333556448,1,0,-0.004575719181291744,0.005821365333556448,1,0,-0.0018199180652343494,0.018700176339265327,17,0,0.0015614930214019288
pooled,13,1.0399658203125,1.047314453125,1.0399658203125,1.047314453125,-0.007364133267396952,0.011252606676966885,7,3,-0.006034788525200286,0.012860067892581569,9,2,0.2229425311130843,0.3036731828107516,544,2,0.00775003244960836
pooled_ridge_0.01,13,1.0399658203125,1.047314453125,1.0399658203125,1.047314453125,-0.00764425681306076,0.009596838961588016,5,3,-0.006545750535699425,0.010470230753642782,6,2,0.1640042704454378,0.23821520609534624,416,2,0.006448478467137474
pooled_ridge_0.03,13,1.0399658203125,1.047314453125,1.0399658203125,1.047314453125,-0.004569427374760175,0.006883058197944951,2,0,-0.004536195364322698,0.007853099687266756,3,0,0.10119407502908617,0.16409515714738965,274,1,0.004836778555516704
pooled_ridge_0.1,13,1.0399658203125,1.047314453125,1.0399658203125,1.047314453125,-0.004575719181291744,0.005821365333556448,1,0,-0.004569427374760175,0.006883058197944951,2,0,0.022605195635821865,0.06292168400280276,89,1,0.002609108888137283
raw,14,1.047314453125,1.0546630859375,1.047314453125,1.0546630859375,-0.004575719181291744,0.005821365333556448,1,0,-0.004575719181291744,0.005821365333556448,1,0,-0.0015462182524144568,0.01939511824048254,18,0,0.0015953533565781842
pooled,14,1.047314453125,1.0546630859375,1.047314453125,1.0546630859375,-0.007004830014522091,0.012826835882144092,9,3,-0.006802297047542878,0.013591162516868469,10,3,0.2313118881239682,0.3127971928627415,562,2,0.008011244999725891
pooled_ridge_0.01,14,1.047314453125,1.0546630859375,1.047314453125,1.0546630859375,-0.008427928030278224,0.01036858256213505,6,4,-0.007364133267396952,0.011252606676966885,7,3,0.1745134597614499,0.25005829960316805,439,2,0.006665848136627566
pooled_ridge_0.03,14,1.047314453125,1.0546630859375,1.047314453125,1.0546630859375,-0.004536195364322698,0.007853099687266756,3,0,-0.004467779183252443,0.00876523569252375,4,0,0.10429391258861151,0.1677978857702133,281,1,0.004999807163238002
pooled_ridge_0.1,14,1.047314453125,1.0546630859375,1.047314453125,1.0546630859375,-0.004569427374760175,0.006883058197944951,2,0,-0.004536195364322698,0.007853099687266756,3,0,0.02379421772648375,0.0646469985122549,92,1,0.002697299354081106
raw,15,1.0546630859375,1.06201171875,1.0546630859375,1.06201171875,-0.004575719181291744,0.005821365333556448,1,0,-0.004575719181291744,0.005821365333556448,1,0,-0.0012668078653446822,0.020084522057184088,19,0,0.0016293628830727784
pooled,15,1.0546630859375,1.06201171875,1.0546630859375,1.06201171875,-0.006802297047542878,0.013591162516868469,10,3,-0.006124304865875077,0.01581511074367235,13,3,0.24063228875859768,0.3229138982971614,582,2,0.00828444946606828
pooled_ridge_0.01,15,1.0546630859375,1.06201171875,1.0546630859375,1.06201171875,-0.008427928030278224,0.01036858256213505,6,4,-0.007916966019779084,0.012758419701073836,9,4,0.18597933767488675,0.26288847582731567,464,2,0.006893186197828612
pooled_ridge_0.03,15,1.0546630859375,1.06201171875,1.0546630859375,1.06201171875,-0.005713384643718292,0.008765195000724896,4,1,-0.004467779183252443,0.00876523569252375,4,0,0.11051122324500973,0.17518577485487685,295,1,0.005170388844331096
pooled_ridge_0.1,15,1.0546630859375,1.06201171875,1.0546630859375,1.06201171875,-0.004569427374760175,0.006883058197944951,2,0,-0.004536195364322698,0.007853099687266756,3,0,0.02419167410631946,0.0652210005651824,93,1,0.002789295893671056
