index,seed,selected,fitted_kappa,covers,calibration_bound,power_lower,null_p,power_p,null_reject,power_reject
0,976000001,pooled,0.9984777711057718,True,0.013630686333837514,0.17020776608355498,0.802,0.856,0,0
1,976001001,pooled,0.9871947667478703,True,0.01204813510031815,0.1870922897427278,0.838,0.536,0,0
2,976002001,pooled,0.9967839149717121,True,0.018693843840934903,0.19031156877029218,0.38,0.05,0,0
3,976003001,pooled,0.9617476693293505,True,0.0165771094699304,0.1729966655783464,0.534,0.006,0,1
4,976004001,pooled,1.0189017496025567,True,0.013630727025636368,0.1889437120027592,0.298,0.032,0,0
5,976005001,pooled,0.9857385547126608,True,0.017285431706832437,0.1738410658301683,0.426,0.118,0,0
6,976006001,pooled,1.0149295398801577,True,0.0165771094699304,0.1671090209800836,0.694,0.068,0,0
7,976007001,pooled,0.9721942034728707,True,0.015117159149116426,0.15754983131403885,0.696,0.258,0,0
8,976008001,pooled,1.002229438891736,True,0.014382544756397154,0.1499267877208189,0.008,0.004,1,1
9,976009001,pooled,1.0002959871080392,True,0.013522746335798213,0.1630415102141464,0.172,0.022,0,1
10,976010001,pooled,1.0091478618104779,True,0.007853099687266756,0.17938830825532873,0.72,0.184,0,0
11,976011001,pooled,1.0005727307196726,True,0.01581511074367235,0.1522307676983353,0.422,0.06,0,0
12,976012001,pooled,0.9863051200948081,True,0.012866359699113138,0.1831435862727367,0.33,0.11,0,0
13,976013001,pooled,0.9884757011769602,True,0.014376252949865585,0.17474878160923468,0.038,0.01,0,1
14,976014001,pooled,0.993252105364735,True,0.012087658917287195,0.1657523935879716,0.916,0.732,0,0
15,976015001,pooled,1.0309648993957852,True,0.012087658917287195,0.17621101914828644,0.092,0.028,0,0
