replicate,training_paths,method,fitted_sigma,fit_loss,truth_loss_on_training,known_drift_plugin_sigma,known_drift_tangent_sigma,gradient_norm,fitting_seconds,minimum_tangent_variance,cdf_gap,cdf_gap_low,cdf_gap_high,conditional_rejection,conditional_rejection_low,conditional_rejection_high,nominal_mc_target,dkw_cdf_radius_p,dkw_cdf_radius_q,held_score_mean,reference_score_mean,reference_unique_fraction,train_variance,held_energy,reference_energy
0,0,oracle,0.42,,,,,,4.400004399940372e-06,0.1361760092266864,0.0106201171875,0.0,0.056111067515473845,0.054262725031673335,0.00873549410918838,0.09937486264661269,0.04998000799680128,0.02274547516398692,0.02274547516398692,1.5350478048877776,1.5229071386310247,1.0,oracle,1.0071984631080466,1.0015423361020956
0,48,neural_plugin_fit,0.3671470284461975,-0.4281946836408492,-0.3910363768227228,0.3762334616664737,0.4163211917118365,0.0010128000197335,25.07421560000512,0.0682876191890959,0.63720703125,0.5917160809220261,0.6826979815779739,0.6653540172298453,0.5891698153716596,0.7265942280350347,0.04998000799680128,0.02274547516398692,0.02274547516398692,4.5391267392087356,1.5239013381941666,1.0,plugin,1.5643346491611823,1.001664947877978
0,192,neural_plugin_fit,0.376411110162735,-0.401782869735743,-0.3866172069465018,0.3779214832881673,0.4182560187443118,0.0290231243943628,104.6875215000182,0.0918383836417489,0.3692626953125,0.3237717449845262,0.4147536456404738,0.36854308174881845,0.2848816996110151,0.43207756068237774,0.04998000799680128,0.02274547516398692,0.02274547516398692,2.7757264586219197,1.5227024779101184,1.0,plugin,1.3414838053040343,1.0016866485436593
1,0,oracle,0.42,,,,,,4.099999205209315e-05,0.1361769467718969,0.0191650390625,0.0,0.06465598939047384,0.0491788600505285,0.0016277459027123527,0.09445180383413442,0.04998000799680128,0.02274547516398692,0.02274547516398692,1.5545084044849529,1.5435517634775602,1.0,oracle,1.0050600407253873,1.0015949076888715
1,48,neural_plugin_fit,0.3689142763614654,-0.4210727089397493,-0.3770468335290284,0.3817148140370306,0.4221342156095558,0.0140409234217855,24.953169099986557,0.0640105310377177,0.3941650390625,0.3486740887345262,0.4396559893904738,0.39579366983856196,0.31004062092847523,0.46566696221425374,0.04998000799680128,0.02274547516398692,0.02274547516398692,3.061459342429696,1.5404874571767209,1.0,plugin,1.379560027778706,1.0057702155956671
1,192,neural_plugin_fit,0.3793655931949615,-0.3926875118674316,-0.3788210597808401,0.3810197689155996,0.4219529296956968,0.0761794190507912,105.03048839999246,0.1030958696169027,0.1597900390625,0.11429908873452616,0.20528098939047384,0.16333256318835368,0.09340599766650493,0.21833693605766685,0.04998000799680128,0.02274547516398692,0.02274547516398692,1.9885972396286884,1.5442605335356276,1.0,plugin,1.1852849727923365,0.9994475188139973
2,0,oracle,0.42,,,,,,3.029999788850546e-05,0.1361782215622414,0.0101318359375,0.0,0.055622786265473845,0.05327992553638873,0.0063658012582398504,0.09432240613676836,0.04998000799680128,0.02274547516398692,0.02274547516398692,1.5508967810930558,1.5436560254569702,1.0,oracle,1.006267428905919,1.0036127260145404
2,48,neural_plugin_fit,0.3687425553798675,-0.4219768004634582,-0.3830566631987341,0.3793287998494847,0.4200394442871511,0.0166602750274035,24.53518589999294,0.0592229969922499,0.4771728515625,0.4316819012345262,0.5226638018904738,0.4749969810796923,0.39080466023083926,0.547227280560787,0.04998000799680128,0.02274547516398692,0.02274547516398692,3.40984168962113,1.540862826110331,1.0,plugin,1.4433679831350485,1.0126752819654117
2,192,neural_plugin_fit,0.3740534484386444,-0.4084200441247858,-0.3912376510966432,0.3761036872848705,0.4167662667825576,0.018114901930662,104.08995789999608,0.1003390292906473,0.238525390625,0.19303444029702616,0.2840163409529738,0.2255211825486051,0.15201017274225234,0.28908899119916204,0.04998000799680128,0.02274547516398692,0.02274547516398692,2.223550649907989,1.5421764359862604,1.0,plugin,1.24227278170272,1.001909400369958
3,0,oracle,0.42,,,,,,4.119999357499182e-05,0.1361779319754782,0.0098876953125,0.0,0.055378645640473845,0.05235286927027033,0.006048614825374023,0.09764520648691066,0.04998000799680128,0.02274547516398692,0.02274547516398692,1.532732145749598,1.5246703049113233,1.0,oracle,1.0051308492293853,1.0050743449454869
3,48,neural_plugin_fit,0.369865357875824,-0.41895583473556,-0.3812117524608125,0.3799621083545889,0.4209445631392936,0.0037304448050706,24.681604799989145,0.0652505849575302,0.5792236328125,0.5337326824845261,0.6247145831404739,0.6003157419833074,0.5257273534855977,0.6619292192074194,0.04998000799680128,0.02274547516398692,0.02274547516398692,4.108621552975764,1.525868436750012,1.0,plugin,1.5255939000472951,1.002074511324913
3,192,neural_plugin_fit,0.3773956596851349,-0.3983555536602873,-0.3829534417355344,0.3793817505580249,0.4207503296727016,0.0006117264420287,107.45902219999698,0.0920715840590473,0.32275390625,0.2772629559220262,0.3682448565779738,0.30383546835347536,0.22110251178047116,0.37633351709274676,0.04998000799680128,0.02274547516398692,0.02274547516398692,2.494435294593819,1.5235685400910772,1.0,plugin,1.298041281056458,1.004731933063277
4,0,oracle,0.42,,,,,,6.489999941550195e-05,0.1361765348187392,0.010986328125,0.0,0.056477278452973845,0.048265230242432844,0.0029818651756911736,0.09262046126435824,0.04998000799680128,0.02274547516398692,0.02274547516398692,1.543587470490073,1.5418279291053851,1.0,oracle,1.0033952424370023,1.0035654911144591
4,48,neural_plugin_fit,0.3742851018905639,-0.4047629625573086,-0.3667186218214803,0.3857238762639965,0.4265655612067867,0.0027383036813991,24.72464550001314,0.0639095671356486,0.2215576171875,0.17606666685952616,0.26704856751547384,0.23255436001762975,0.16429879032077008,0.29010930847389244,0.04998000799680128,0.02274547516398692,0.02274547516398692,2.3811344520627102,1.541026930996488,1.0,plugin,1.2206593218193444,0.9997882758396599
4,192,neural_plugin_fit,0.380553275346756,-0.3887452528758255,-0.3745526378870331,0.3826470412835176,0.4237277485747098,0.0139618891689412,103.93763800000306,0.1004367732441952,0.2237548828125,0.17826393248452616,0.26924583314047384,0.21036293398688105,0.13283132312372992,0.2705090408954065,0.04998000799680128,0.02274547516398692,0.02274547516398692,2.1724835664758855,1.5424442047664573,1.0,plugin,1.225656010493204,1.0022552764424162
5,0,oracle,0.42,,,,,,4.41000156570226e-05,0.1361765570800321,0.0113525390625,0.0,0.056843489390473845,0.048299388863073736,0.004671979001935316,0.09038159343150837,0.04998000799680128,0.02274547516398692,0.02274547516398692,1.543001414226943,1.5479339626408812,1.0,oracle,1.0038774661835008,1.0041110101194395
5,48,neural_plugin_fit,0.3627259135246277,-0.4400170337876651,-0.3977961805433506,0.3735323899999156,0.414456155496381,0.0018851081837394,24.261660300020598,0.0690624722244374,0.4140625,0.3685715496720262,0.4595534503279738,0.41279815156380584,0.3278697657825358,0.4750947481564084,0.04998000799680128,0.02274547516398692,0.02274547516398692,3.271054117486058,1.5507753472076165,1.0,plugin,1.384169110565698,1.0018036034456121
5,192,neural_plugin_fit,0.376205563545227,-0.4020664357401201,-0.3851949424758939,0.378530600965072,0.4194249704963562,0.0030016002368653,104.06041160001767,0.0990068592846902,0.3040771484375,0.2585861981095262,0.3495680987654738,0.28744977899062657,0.20540411172552406,0.3510540904925331,0.04998000799680128,0.02274547516398692,0.02274547516398692,2.5330674985723594,1.5480934501496884,1.0,plugin,1.2899208950110572,1.0013102018400022
6,0,oracle,0.42,,,,,,3.23000131174922e-05,0.1361752685060689,0.0093994140625,0.0,0.054890364390473845,0.053625277595966886,0.007683793720817889,0.09921521129363797,0.04998000799680128,0.02274547516398692,0.02274547516398692,1.5629352110383234,1.5517142086369482,1.0,oracle,1.0063118638238424,0.9997372578651784
6,48,neural_plugin_fit,0.3680416941642761,-0.4234466341556409,-0.3861747235457899,0.378167778953233,0.4202023308605648,0.0007408187298966,24.065722600003937,0.084881996589823,0.3497314453125,0.3042404949845262,0.3952223956404738,0.3392073496939727,0.2555550501487686,0.4073682535300895,0.04998000799680128,0.02274547516398692,0.02274547516398692,2.7557042406162457,1.5520373505598495,1.0,plugin,1.3172700415417635,0.9987940481410156
6,192,neural_plugin_fit,0.3780182600021362,-0.396389514684061,-0.3810033004815746,0.3801455185880839,0.4211619998192286,0.0009477753949526,104.93049739999697,0.1016552618228776,0.219482421875,0.17399147154702616,0.26497337220297384,0.21669030628754143,0.14667851187827077,0.2748712164983242,0.04998000799680128,0.02274547516398692,0.02274547516398692,2.189132649133458,1.5512436408325958,1.0,plugin,1.2292015439316977,0.9983491124452563
7,0,oracle,0.42,,,,,,5.1300012273713946e-05,0.1361777121606245,0.0126953125,0.0,0.058186262827973845,0.0513677228476916,0.006884553001370697,0.09548355355044363,0.04998000799680128,0.02274547516398692,0.02274547516398692,1.5168517259256924,1.5145340747302913,1.0,oracle,1.0027399291614172,1.0034676795380035
7,48,neural_plugin_fit,0.3699825406074524,-0.4184226625037009,-0.3826575618065349,0.3795356454964056,0.4213509967379081,0.000991215082523,21.712453199987067,0.0634959330512012,0.4892578125,0.4437668621720262,0.5347487628279739,0.49083945274412155,0.4061718963258118,0.5569195555777467,0.04998000799680128,0.02274547516398692,0.02274547516398692,3.447125494677423,1.5153684247654864,1.0,plugin,1.4287904106938585,1.002879958883414
7,192,neural_plugin_fit,0.3786843419075012,-0.3944250268685069,-0.3796428586638581,0.3807358293708048,0.4217682692035238,0.0018138127983675,95.1558186999755,0.0968489372823371,0.2493896484375,0.20389869810952616,0.2948805987654738,0.23953097755002134,0.1598658446969514,0.30376502311050363,0.04998000799680128,0.02274547516398692,0.02274547516398692,2.2526274266562627,1.5143671217863621,1.0,plugin,1.247323992049542,1.001540800696289
8,0,oracle,0.42,,,,,,3.640001523308456e-05,0.1361780766717762,0.0103759765625,0.0,0.055866926890473845,0.04708522227232638,0.0018562833319299768,0.09393480858928008,0.04998000799680128,0.02274547516398692,0.02274547516398692,1.5527260873777342,1.556668378554521,1.0,oracle,1.0001191830748999,1.0009678825024215
8,48,neural_plugin_fit,0.3693729639053345,-0.4192023313556537,-0.3810611027537757,0.3801740473582131,0.4219386291593184,0.0123024137662162,22.051380699995207,0.0704603074106521,0.31103515625,0.2655442059220262,0.3565261065779738,0.320913662879746,0.24243196727496366,0.38993054312185765,0.04998000799680128,0.02274547516398692,0.02274547516398692,2.718440043446825,1.557008855354415,1.0,plugin,1.3099717981575376,1.0022914900338087
8,192,neural_plugin_fit,0.3776944875717163,-0.3975261071494625,-0.3825196691222245,0.3795844701580447,0.4207864727620545,0.0084776469600143,96.08443100002478,0.100239214794724,0.22607421875,0.18058326842202616,0.27156516907797384,0.2102537683954553,0.13574496256175914,0.27668875063989534,0.04998000799680128,0.02274547516398692,0.02274547516398692,2.2059628683476973,1.5565141430780889,1.0,plugin,1.2361431560030365,1.0027033202147373
9,0,oracle,0.42,,,,,,3.450000076554716e-05,0.1361764646185083,0.0159912109375,0.0,0.061482161265473845,0.04257912918862938,0.0015976840433868482,0.09121542910120951,0.04998000799680128,0.02274547516398692,0.02274547516398692,1.5100669373938533,1.5127235271817263,1.0,oracle,1.0003078851100302,1.0027963563922249
9,48,neural_plugin_fit,0.3631070852279663,-0.4402664261016026,-0.3976903490618912,0.3735088128670959,0.4137550210739705,0.0069662466214036,24.181603800010635,0.083472208090301,0.380126953125,0.3346360027970262,0.4256179034529738,0.362448741914634,0.28619342064130376,0.4303306172224906,0.04998000799680128,0.02274547516398692,0.02274547516398692,2.8333296350384174,1.5124372710928466,1.0,plugin,1.358029541499393,0.9999221885930067
9,192,neural_plugin_fit,0.3778166770935058,-0.3969718874332472,-0.380746439897059,0.3801868249151486,0.4206599093448736,0.0059743565756651,108.2980050999904,0.0979574834209269,0.2059326171875,0.16044166685952616,0.25142356751547384,0.2032938040966067,0.1365007344317474,0.264190084851475,0.04998000799680128,0.02274547516398692,0.02274547516398692,2.1098797416277772,1.5137616603507635,1.0,plugin,1.234768326193798,1.0009393661266168
10,0,oracle,0.42,,,,,,3.950000973418355e-05,0.1361784424130517,0.01220703125,0.0,0.057697981577973845,0.05312158120825604,0.004579891283333134,0.10086273026770666,0.04998000799680128,0.02274547516398692,0.02274547516398692,1.5455570418865314,1.5394727374828823,1.0,oracle,1.0005803242886835,1.0031143327752843
10,48,neural_plugin_fit,0.3710969090461731,-0.4148263719695271,-0.3766063119207122,0.3817865925156466,0.42248436995956,0.0009209547432514,24.145956199994544,0.0714581533444019,0.45263671875,0.4071457684220262,0.4981276690779738,0.44496118993220957,0.3511699818341748,0.5128245458590173,0.04998000799680128,0.02274547516398692,0.02274547516398692,3.199607153997805,1.537389351525043,1.0,plugin,1.4056901647469813,1.0014597672671455
10,192,neural_plugin_fit,0.3750709891319275,-0.4053589602789632,-0.3883639242083175,0.3772180561056062,0.4182414570542924,0.0015382266352524,104.00627579999856,0.0951616539029075,0.2574462890625,0.21195533873452616,0.3029372393904738,0.23524652050933118,0.1565767821110924,0.30206224812319765,0.04998000799680128,0.02274547516398692,0.02274547516398692,2.269583148201482,1.5410560479379338,1.0,plugin,1.2494142948698177,1.0003162309041196
11,0,oracle,0.42,,,,,,3.840000135824084e-05,0.1361772660555165,0.0162353515625,0.0,0.061726301890473845,0.05143499374956985,0.003765480171189446,0.09607731932834121,0.04998000799680128,0.02274547516398692,0.02274547516398692,1.5185769404445362,1.5118543402646014,1.0,oracle,1.0022738681953842,1.0010467742697264
11,48,neural_plugin_fit,0.3715781569480896,-0.4130429539992609,-0.3747853070401798,0.3826146033022226,0.4236001608735773,0.0491295918119605,24.12038900001789,0.0595367846452622,0.5828857421875,0.5373947918595261,0.6283766925154739,0.6049484600464299,0.5136592860671454,0.6692227175237965,0.04998000799680128,0.02274547516398692,0.02274547516398692,4.040825124656701,1.5054555124670674,1.0,plugin,1.5165948220457044,0.9982632724558149
11,192,neural_plugin_fit,0.3759147226810455,-0.4029766273506373,-0.3866823577662879,0.3779057885666623,0.4187449807116092,0.0139303813536136,102.375930899987,0.1015693411727764,0.1982421875,0.15275123717202616,0.24373313782797384,0.18332222781714513,0.11222792507251086,0.24570157611805754,0.04998000799680128,0.02274547516398692,0.02274547516398692,2.012487277010358,1.5123384448649857,1.0,plugin,1.2017437733285452,1.0007009712071717
0,48,neural_tangent_fit,0.4307374358177185,-0.4299434539249767,-0.4030171688450505,0.3762334616664737,0.4163211917118365,0.0008999430789313,43.48295750000398,0.0903534076308604,0.0792236328125,0.033732682484526155,0.12471458314047384,0.1072306854639815,0.04945019310928042,0.15843922296984284,0.04998000799680128,0.02274547516398692,0.02274547516398692,1.7273885759637526,1.5217431235334702,1.0,tangent,1.100391352312482,1.0077882655686539
0,192,neural_tangent_fit,0.4277047514915466,-0.4024771297883138,-0.3974234627532625,0.3779214832881673,0.4182560187443118,0.0413087298771368,161.80878059999668,0.1222040323455788,0.015625,0.0,0.061115950327973845,0.05516556211582203,0.01104101288555898,0.09860080300613663,0.04998000799680128,0.02274547516398692,0.02274547516398692,1.5235422530119132,1.5231335982758423,1.0,tangent,1.026301152076108,1.0014564637631966
1,48,neural_tangent_fit,0.4092544317245483,-0.4207734072807977,-0.3855853508491866,0.3817148140370306,0.4221342156095558,0.0137776538718238,39.1584294999775,0.0692999031102176,0.1226806640625,0.07718971373452616,0.16817161439047384,0.1375181404574459,0.06947830762562478,0.19510922448441367,0.04998000799680128,0.02274547516398692,0.02274547516398692,1.8857755608290507,1.544546441531517,1.0,tangent,1.13583893275478,1.010176875620101
1,192,neural_tangent_fit,0.4098116755485534,-0.3942827380896411,-0.3881557753856927,0.3810197689155996,0.4219529296956968,0.0219531699910708,164.5545284000109,0.1180327614393808,0.0272216796875,0.0,0.07271263001547384,0.06259619667209082,0.014637176108561915,0.10829770175599485,0.04998000799680128,0.02274547516398692,0.02274547516398692,1.595719814119189,1.5437503027272326,1.0,tangent,1.0177266375575438,0.9986218582609656
2,48,neural_tangent_fit,0.4117967784404754,-0.4237419446255484,-0.3935449191226258,0.3793287998494847,0.4200394442871511,0.021292013807525,40.44984269997804,0.077762337566438,0.1263427734375,0.08085182310952616,0.17183372376547384,0.13165560835319995,0.06970005763736463,0.1884204742514139,0.04998000799680128,0.02274547516398692,0.02274547516398692,1.8579376839299964,1.5441930438662872,1.0,tangent,1.1308735589906924,1.0056271995679285
2,192,neural_tangent_fit,0.4113457798957824,-0.4095124448759441,-0.4029058237292111,0.3761036872848705,0.4167662667825576,0.0093776689973283,165.86298610002268,0.1163009988116498,0.0325927734375,0.0,0.07808372376547384,0.06757068149068765,0.017114879100616365,0.11296894954652971,0.04998000799680128,0.02274547516398692,0.02274547516398692,1.6123816457575544,1.5440062187022985,1.0,tangent,1.0430486506875167,1.0020937308178617
3,48,neural_tangent_fit,0.4380481839179992,-0.4199740565742673,-0.3905260806658305,0.3799621083545889,0.4209445631392936,0.0014959520094194,39.63091759997769,0.078229493710119,0.0950927734375,0.049601823109526155,0.14058372376547384,0.11503533831290595,0.057999051746587385,0.1689208194318105,0.04998000799680128,0.02274547516398692,0.02274547516398692,1.7788193551215727,1.5230076607130068,1.0,tangent,1.0977943371426586,1.0006325403281695
3,192,neural_tangent_fit,0.425242006778717,-0.3987329589701207,-0.3929508815101591,0.3793817505580249,0.4207503296727016,0.0015882487676937,162.5457578000205,0.1155988872224767,0.041259765625,0.0,0.08675071595297384,0.06912774165945793,0.018110436941377265,0.1208466168615142,0.04998000799680128,0.02274547516398692,0.02274547516398692,1.5975645520384882,1.5226064098279344,1.0,tangent,1.0202828629071383,1.0032633988163633
4,48,neural_tangent_fit,0.416515976190567,-0.405299659574904,-0.3742291551001943,0.3857238762639965,0.4265655612067867,0.0009408494352886,39.71427450000192,0.0794278387311022,0.078857421875,0.033366471547026155,0.12434837220297384,0.10182579054157573,0.04583711595851975,0.14971380283650537,0.04998000799680128,0.02274547516398692,0.02274547516398692,1.749257551340447,1.5442550465476148,1.0,tangent,1.0684346355670424,1.0027472549865326
4,192,neural_tangent_fit,0.4196393191814422,-0.3888327911070225,-0.3827843179488717,0.3826470412835176,0.4237277485747098,0.0053940421519154,167.68642129999353,0.1252859860669965,0.013427734375,0.0,0.058918684702973845,0.05118097492333723,0.0032514660767046094,0.09299548183213774,0.04998000799680128,0.02274547516398692,0.02274547516398692,1.5374005613489796,1.5432592072327989,1.0,tangent,0.99755725582196,1.0044711747632462
5,48,neural_tangent_fit,0.3982119560241699,-0.4420459927695013,-0.410019167691058,0.3735323899999156,0.414456155496381,0.0068533325284128,39.67567779999808,0.0852298924596539,0.2293701171875,0.18387916685952616,0.2748610675154738,0.24353525624629274,0.17464081183861563,0.296072130450731,0.04998000799680128,0.02274547516398692,0.02274547516398692,2.457580311352758,1.5475130576238763,1.0,tangent,1.2239531680544515,1.004902215116914
5,192,neural_tangent_fit,0.4224054515361786,-0.4024902319504855,-0.3956924378044973,0.378530600965072,0.4194249704963562,0.0151344474404047,161.3090646000055,0.1145236923582526,0.028564453125,0.0,0.07405540345297384,0.06858538745167146,0.01979501418172429,0.11421524845755161,0.04998000799680128,0.02274547516398692,0.02274547516398692,1.619381143816864,1.547298271329794,1.0,tangent,1.0312639205060137,1.0017587348177464
6,48,neural_tangent_fit,0.3901161551475525,-0.4246712234350948,-0.3964684363906001,0.378167778953233,0.4202023308605648,0.055068143532903,39.78785870000138,0.0959351849269406,0.185546875,0.14005592467202616,0.23103782532797384,0.18646544328243253,0.12009995258322978,0.24784611038275015,0.04998000799680128,0.02274547516398692,0.02274547516398692,2.101192909613175,1.5509824108072503,1.0,tangent,1.1636433899541907,0.9978953729197885
6,192,neural_tangent_fit,0.413865864276886,-0.3972929787464729,-0.3907624036111555,0.3801455185880839,0.4211619998192286,0.0674170108114125,162.4783970999997,0.1178569667440155,0.0294189453125,0.0,0.07490989564047384,0.06675156073306535,0.018650996538229072,0.11449113054329502,0.04998000799680128,0.02274547516398692,0.02274547516398692,1.6188636151606195,1.5520183242984533,1.0,tangent,1.0143981201373378,0.9999401823115888
7,48,neural_tangent_fit,0.4177966713905334,-0.4210034082230676,-0.3917470635321007,0.3795356454964056,0.4213509967379081,0.0030273828439751,36.04599819998839,0.087729426107011,0.1123046875,0.06681373717202616,0.15779563782797384,0.13959842296744468,0.08117990640426498,0.19382419226601968,0.04998000799680128,0.02274547516398692,0.02274547516398692,1.8581395659271878,1.5133241204922043,1.0,tangent,1.0955651649011102,1.0046647657794074
7,192,neural_tangent_fit,0.4227935075759887,-0.3953166157655983,-0.3888344621843541,0.3807358293708048,0.4217682692035238,0.0082752452804307,159.56442629999947,0.1132291077833765,0.021240234375,0.0,0.06673118470297384,0.05769704422574356,0.009477617935660407,0.10461629343654423,0.04998000799680128,0.02274547516398692,0.02274547516398692,1.5447346229038628,1.5149397683919221,1.0,tangent,1.008418268830177,1.0028548350441748
8,48,neural_tangent_fit,0.4036737084388733,-0.4175952087594014,-0.3906736777988857,0.3801740473582131,0.4219386291593184,0.0146893308023785,37.26141380000627,0.0931169111193648,0.0936279296875,0.048136979359526155,0.13911888001547384,0.11049156320016792,0.052644905646395346,0.16271574842261816,0.04998000799680128,0.02274547516398692,0.02274547516398692,1.8041745645483753,1.5560393450102712,1.0,tangent,1.0804771858826219,0.997618825835336
8,192,neural_tangent_fit,0.4166494905948639,-0.3977982314053814,-0.3922334104469516,0.3795844701580447,0.4207864727620545,0.0005525563776295,149.8388677999901,0.1152909396543456,0.011474609375,0.0,0.056965559702973845,0.05234396319747259,0.006147680556286585,0.09924625886454051,0.04998000799680128,0.02274547516398692,0.02274547516398692,1.5726040019044103,1.5577713976420031,1.0,tangent,1.0138413079116926,1.001016891910551
9,48,neural_tangent_fit,0.3967127799987793,-0.4447162486198626,-0.4110502731831344,0.3735088128670959,0.4137550210739705,0.0008087572170068,36.04107329997351,0.06463474093993,0.1346435546875,0.08915260435952616,0.18013450501547384,0.13031682733585215,0.07348904413120967,0.19295478038816094,0.04998000799680128,0.02274547516398692,0.02274547516398692,1.8474208960139706,1.5065891289016369,1.0,tangent,1.1545724298771693,1.00418038537463
9,192,neural_tangent_fit,0.4204356372356415,-0.3976875496384013,-0.3908376845217167,0.3801868249151486,0.4206599093448736,0.0288070365255932,148.2472393999924,0.1177213085784398,0.01318359375,0.0,0.058674544077973845,0.0453055902262911,0.002896129208268445,0.08972832350019141,0.04998000799680128,0.02274547516398692,0.02274547516398692,1.4975139636079609,1.5121383035414393,1.0,tangent,1.0113688245988945,1.00395414611444
10,48,neural_tangent_fit,0.403114765882492,-0.4145185735374061,-0.3853297624685384,0.3817865925156466,0.42248436995956,0.0085223082903619,33.80602320001344,0.0965838723454107,0.0648193359375,0.01932838560952616,0.11031028626547384,0.09049786143113785,0.03569988010750043,0.14587661053403914,0.04998000799680128,0.02274547516398692,0.02274547516398692,1.684387744064952,1.5423162565364892,1.0,tangent,1.0824848003891143,1.0030451474170123
10,192,neural_tangent_fit,0.409883439540863,-0.4052626907520923,-0.3989686831771312,0.3772180561056062,0.4182414570542924,0.0501718955253104,141.26853200001642,0.1126037749720034,0.0499267578125,0.004435807484526162,0.09541770814047384,0.06982386706679625,0.017214456759950317,0.12133053221611327,0.04998000799680128,0.02274547516398692,0.02274547516398692,1.620815013817818,1.5411699489103277,1.0,tangent,1.0189565861963232,1.0008393756429705
11,48,neural_tangent_fit,0.417746365070343,-0.4111026819300821,-0.3830154703800154,0.3826146033022226,0.4236001608735773,0.0453990772210783,33.91644959998666,0.1032221602135537,0.0830078125,0.037516862172026155,0.12849876282797384,0.10165115122599808,0.04256179211020171,0.1561223393593782,0.04998000799680128,0.02274547516398692,0.02274547516398692,1.6975730106804938,1.50788875137746,1.0,tangent,1.0899028602134229,0.9984025104160454
11,192,neural_tangent_fit,0.4021534919738769,-0.4030475956497251,-0.3971567680220422,0.3779057885666623,0.4187449807116092,0.0067473714084242,146.04967229999602,0.1211722323742717,0.0218505859375,0.0,0.06734153626547384,0.06217977419235203,0.014984526728417009,0.10868732258724952,0.04998000799680128,0.02274547516398692,0.02274547516398692,1.5514179904968957,1.5137262108606087,1.0,tangent,1.0269451505490714,0.9998003522994595
