replicate,training_paths,cdf_gap_plugin,cdf_gap_tangent,cdf_gap_change,cdf_gap_change_low,cdf_gap_change_high,conditional_rejection_plugin,conditional_rejection_tangent,conditional_rejection_change,conditional_rejection_change_low,conditional_rejection_change_high,absolute_size_error_change,sigma_plugin,sigma_tangent
0,48,0.63720703125,0.0792236328125,-0.5579833984375,-0.6489652990934478,-0.46700149778155225,0.6653540172298453,0.1072306854639815,-0.5581233317658638,-0.6771440349257543,-0.43073059240181677,-0.5581233317658638,0.3671470284461975,0.4307374358177185
0,192,0.3692626953125,0.015625,-0.3536376953125,-0.4147536456404738,-0.26265579465655237,0.36854308174881845,0.05516556211582203,-0.3133775196329964,-0.42103654779681876,-0.18628089660487848,-0.3133775196329964,0.376411110162735,0.4277047514915466
1,48,0.3941650390625,0.1226806640625,-0.271484375,-0.36246627565594763,-0.18050247434405237,0.39579366983856196,0.1375181404574459,-0.2582755293811161,-0.39618865458862895,-0.11493139644406156,-0.25827552938111603,0.3689142763614654,0.4092544317245483
1,192,0.1597900390625,0.0272216796875,-0.132568359375,-0.20528098939047384,-0.04158645871905231,0.16333256318835368,0.06259619667209082,-0.10073636651626286,-0.20369975994910494,0.014891704089489921,-0.10073636651626286,0.3793655931949615,0.4098116755485534
2,48,0.4771728515625,0.1263427734375,-0.350830078125,-0.44181197878094763,-0.25984817746905237,0.4749969810796923,0.13165560835319995,-0.34334137272649234,-0.4775272229234223,-0.20238418597942537,-0.34334137272649234,0.3687425553798675,0.4117967784404754
2,192,0.238525390625,0.0325927734375,-0.2059326171875,-0.2840163409529738,-0.11495071653155231,0.2255211825486051,0.06757068149068765,-0.15795050105791744,-0.27197411209854566,-0.03904122319572263,-0.15795050105791744,0.3740534484386444,0.4113457798957824
3,48,0.5792236328125,0.0950927734375,-0.484130859375,-0.5751127600309478,-0.39314895871905225,0.6003157419833074,0.11503533831290595,-0.48528040367040143,-0.6039301674608321,-0.35680653405378726,-0.4852804036704015,0.369865357875824,0.4380481839179992
3,192,0.32275390625,0.041259765625,-0.281494140625,-0.3682448565779738,-0.19051223996905237,0.30383546835347536,0.06912774165945793,-0.23470772669401743,-0.3582230801513695,-0.10025589491895696,-0.2347077266940174,0.3773956596851349,0.425242006778717
4,48,0.2215576171875,0.078857421875,-0.1427001953125,-0.2336820959684477,-0.05171829465655231,0.23255436001762975,0.10182579054157573,-0.13072856947605402,-0.2442721925153727,-0.014584987484264705,-0.13072856947605402,0.3742851018905639,0.416515976190567
4,192,0.2237548828125,0.013427734375,-0.2103271484375,-0.26924583314047384,-0.11934524778155231,0.21036293398688105,0.05118097492333723,-0.15918195906354382,-0.2672575748187019,-0.03983584129159218,-0.15918195906354382,0.380553275346756,0.4196393191814422
5,48,0.4140625,0.2293701171875,-0.1846923828125,-0.27567428346844763,-0.09371048215655242,0.41279815156380584,0.24353525624629274,-0.1692628953175131,-0.30045393631779277,-0.0317976353318048,-0.16926289531751307,0.3627259135246277,0.3982119560241699
5,192,0.3040771484375,0.028564453125,-0.2755126953125,-0.3495680987654738,-0.18453079465655237,0.28744977899062657,0.06858538745167146,-0.2188643915389551,-0.3312590763108088,-0.09118886326797244,-0.21886439153895512,0.376205563545227,0.4224054515361786
6,48,0.3497314453125,0.185546875,-0.1641845703125,-0.25516647096844763,-0.07320266965655237,0.3392073496939727,0.18646544328243253,-0.15274190641154017,-0.28726830094685973,-0.007708939766018469,-0.15274190641154015,0.3680416941642761,0.3901161551475525
6,192,0.219482421875,0.0294189453125,-0.1900634765625,-0.26497337220297384,-0.09908157590655231,0.21669030628754143,0.06675156073306535,-0.1499387455544761,-0.25622021996009514,-0.032187381334975756,-0.1499387455544761,0.3780182600021362,0.413865864276886
7,48,0.4892578125,0.1123046875,-0.376953125,-0.46793502565594775,-0.28597122434405237,0.49083945274412155,0.13959842296744468,-0.35124102977667687,-0.47573964917348177,-0.21234770405979211,-0.3512410297766768,0.3699825406074524,0.4177966713905334
7,192,0.2493896484375,0.021240234375,-0.2281494140625,-0.2948805987654738,-0.1371675134065523,0.23953097755002134,0.05769704422574356,-0.18183393332427777,-0.2942874051748432,-0.05524955126040716,-0.18183393332427777,0.3786843419075012,0.4227935075759887
8,48,0.31103515625,0.0936279296875,-0.2174072265625,-0.30838912721844763,-0.12642532590655237,0.320913662879746,0.11049156320016792,-0.21042209967957806,-0.3372856374754623,-0.0797162188523455,-0.21042209967957803,0.3693729639053345,0.4036737084388733
8,192,0.22607421875,0.011474609375,-0.214599609375,-0.27156516907797384,-0.12361770871905231,0.2102537683954553,0.05234396319747259,-0.1579098051979827,-0.2705410700836088,-0.036498703697218624,-0.1579098051979827,0.3776944875717163,0.4166494905948639
9,48,0.380126953125,0.1346435546875,-0.2454833984375,-0.33646529909344763,-0.15450149778155237,0.362448741914634,0.13031682733585215,-0.23213191457878185,-0.35684157309128095,-0.09323864025314282,-0.23213191457878182,0.3631070852279663,0.3967127799987793
9,192,0.2059326171875,0.01318359375,-0.1927490234375,-0.25142356751547384,-0.10176712278155231,0.2032938040966067,0.0453055902262911,-0.15798821387031559,-0.26129395564320657,-0.046772410931555986,-0.14863937832929525,0.3778166770935058,0.4204356372356415
10,48,0.45263671875,0.0648193359375,-0.3878173828125,-0.47879928346844763,-0.29683548215655237,0.44496118993220957,0.09049786143113785,-0.3544633285010717,-0.47712466575151685,-0.20529337130013567,-0.3544633285010717,0.3710969090461731,0.403114765882492
10,192,0.2574462890625,0.0499267578125,-0.20751953125,-0.29850143190594763,-0.11653763059405231,0.23524652050933118,0.06982386706679625,-0.16542265344253493,-0.28484779136324734,-0.03524624989497914,-0.16542265344253493,0.3750709891319275,0.409883439540863
11,48,0.5828857421875,0.0830078125,-0.4998779296875,-0.5908598303434478,-0.40889602903155225,0.6049484600464299,0.10165115122599808,-0.5032973088204318,-0.6266609254135947,-0.3575369467077672,-0.5032973088204319,0.3715781569480896,0.417746365070343
11,192,0.1982421875,0.0218505859375,-0.1763916015625,-0.24373313782797384,-0.08540970090655231,0.18332222781714513,0.06217977419235203,-0.1211424536247931,-0.23071704938964052,-0.003540602485261349,-0.12114245362479312,0.3759147226810455,0.4021534919738769
